store_nbr,family,n_days,mean_sales,std_sales,adf_pvalue_c,adf_pvalue_ct,d_c,d_ct,d,needs_review,seasonal_strength,n_outliers,pct_outliers
1,AUTOMOTIVE,1688,3.2514810426540284,2.757217859451334,0.002252558273162939,2.1028875214289884e-07,0.0,0.0,0.0,False,0.26240904049471836,28,1.66
1,BABY CARE,1688,0.0,0.0,,,,,,True,0.0,0,0.0
1,BEAUTY,1688,2.4102488151658767,1.8975935053997748,0.000523789059770883,2.7500239527289378e-12,0.0,0.0,0.0,False,0.2814865644413127,53,3.14
1,BEVERAGES,1688,1587.9339454976302,726.2017296963315,0.025116660570261896,1.4494263961686748e-05,0.0,0.0,0.0,False,0.6183951528466918,4,0.24
1,BOOKS,1688,0.1273696682464455,0.5442023585670637,0.09684134642351067,0.1662200527576299,1.0,1.0,1.0,False,1.0,128,7.58
1,BREAD/BAKERY,1688,338.3573153809242,111.19853693434005,0.041242721147997596,0.004190546536015066,0.0,0.0,0.0,False,0.703809817260073,10,0.59
1,CELEBRATION,1688,9.972156398104266,33.19879758135948,9.073050922620668e-16,0.0,0.0,0.0,0.0,False,0.02338900606976324,15,0.89
1,CLEANING,1688,640.4028436018957,217.94205133335296,8.949140964853306e-11,1.3979240579115951e-12,0.0,0.0,0.0,False,0.6898773595544165,192,11.37
1,DAIRY,1688,626.276066350711,210.96044285309344,0.1124947052124381,0.02694483225250487,1.0,0.0,,True,0.6902806266193027,0,0.0
1,DELI,1688,122.93359394905212,41.13198557733509,0.0056244940174174154,0.0016590197190329854,0.0,0.0,0.0,False,0.6517980439970877,21,1.24
1,EGGS,1688,140.43127962085308,37.497362313368114,2.8912472970695194e-08,2.768038366816526e-08,0.0,0.0,0.0,False,0.6794166336024762,27,1.6
1,FROZEN FOODS,1688,129.9329715521327,172.69163051517637,9.817172084656091e-13,2.720304774356602e-11,0.0,0.0,0.0,False,0.08186999302166154,86,5.09
1,GROCERY I,1688,2223.7562203791467,778.4969010703275,0.0008577666796304415,2.4139804755158686e-10,0.0,0.0,0.0,False,0.5737131610641308,72,4.27
1,GROCERY II,1688,21.89840047393365,13.68072787404858,6.265450542099313e-09,6.404772848413371e-08,0.0,0.0,0.0,False,0.37927504091952713,39,2.31
1,HARDWARE,1688,1.5989336492890995,1.6754226179583118,1.9973871925080517e-24,0.0,0.0,0.0,0.0,False,0.23138072872492055,48,2.84
1,HOME AND KITCHEN I,1688,14.858412322274882,24.09681692626812,0.0001972826608714895,1.437810571390819e-16,0.0,0.0,0.0,False,0.421528316663049,44,2.61
1,HOME AND KITCHEN II,1688,12.939869668246445,17.30647327027458,0.005639674643086904,1.417331981566293e-07,0.0,0.0,0.0,False,0.19679506398923607,38,2.25
1,HOME APPLIANCES,1688,0.33708530805687204,0.6839676689789078,4.820665148886878e-16,3.6519578862018476e-14,0.0,0.0,0.0,False,0.21024580117395686,416,24.64
1,HOME CARE,1688,100.97630331753554,89.19725498942393,0.007591228877541086,5.264484465474762e-06,0.0,0.0,0.0,False,0.4326836677567175,2,0.12
1,LADIESWEAR,1688,9.40521327014218,9.666499760460457,0.00036861258378084803,5.9721783237448355e-06,0.0,0.0,0.0,False,0.34882337078805215,6,0.36
1,LAWN AND GARDEN,1688,9.005331753554502,7.5567778538106,0.402157986145753,0.1564608311652685,1.0,1.0,1.0,False,0.3067036457597091,65,3.85
1,LINGERIE,1688,6.7177132701421804,5.732566953179602,3.0335029877175217e-05,4.150359313499936e-05,0.0,0.0,0.0,False,0.2703069604933064,74,4.38
1,"LIQUOR,WINE,BEER",1688,101.31220379146919,66.67948563646296,5.610633824865037e-08,2.6254530180290706e-07,0.0,0.0,0.0,False,0.6538080992321806,45,2.67
1,MAGAZINES,1688,3.2070497630331753,4.214245051743782,0.27840600900074924,5.400832698012977e-06,1.0,0.0,,True,0.2798472686195428,27,1.6
1,MEATS,1688,313.178612360782,166.04307822930733,2.494167388391677e-08,2.6759047481583466e-07,0.0,0.0,0.0,False,0.8228794866417746,215,12.74
1,PERSONAL CARE,1688,129.17328199052133,52.24404717605245,0.001295216754691813,1.0110099537753879e-06,0.0,0.0,0.0,False,0.41880377391484114,22,1.3
1,PET SUPPLIES,1688,3.4727488151658767,3.7632395367823603,0.009366872284785306,0.00018686102928244116,0.0,0.0,0.0,False,0.2826326577706618,9,0.53
1,PLAYERS AND ELECTRONICS,1688,5.3086492890995265,5.983611966348485,0.0306047026945485,0.00016135155377858943,0.0,0.0,0.0,False,0.26423865633550103,15,0.89
1,POULTRY,1688,284.2425702399289,130.0001004326533,0.08053004979119904,0.3035196213178637,1.0,1.0,1.0,False,0.8073317794784471,51,3.02
1,PREPARED FOODS,1688,80.7713619063981,29.133036680351314,0.00540538405199055,0.029026341767920197,0.0,0.0,0.0,False,0.5542906713895879,17,1.01
1,PRODUCE,1688,1451.6599917061612,1339.9708297746133,0.0171877277521195,6.873542417218648e-05,0.0,0.0,0.0,False,0.7256488710898313,0,0.0
1,SCHOOL AND OFFICE SUPPLIES,1688,0.17180094786729858,0.5279265259354726,1.5905637191052742e-08,2.7021902676703278e-08,0.0,0.0,0.0,False,0.48651396939221925,210,12.44
1,SEAFOOD,1688,25.929271680746442,11.031440602775607,7.473516260048523e-10,1.5434835411447735e-09,0.0,0.0,0.0,False,0.6235855027278808,22,1.3
2,AUTOMOTIVE,1688,5.409952606635071,3.473996278919221,0.003179303228481867,3.4849562463573257e-07,0.0,0.0,0.0,False,0.3444623756875752,39,2.31
2,BABY CARE,1688,0.04976303317535545,0.31162033769097597,1.4257672089684876e-07,9.273132451704931e-09,0.0,0.0,0.0,False,0.25171699775259304,57,3.38
2,BEAUTY,1688,4.7177132701421804,3.946533626665751,0.0010300979560772586,2.346830440350644e-10,0.0,0.0,0.0,False,0.18695145942104385,31,1.84
2,BEVERAGES,1688,2467.996741706161,1159.670378819605,0.006777760388427561,4.950986432899277e-06,0.0,0.0,0.0,False,0.6991559368930096,9,0.53
2,BOOKS,1688,0.14247630331753555,0.663639642438638,0.010396516388844501,0.028493067935811557,0.0,0.0,0.0,False,1.0,112,6.64
2,BREAD/BAKERY,1688,548.7753027784361,189.00549030973582,0.45880832733218035,0.06333610912711822,1.0,1.0,1.0,False,0.7141391250881769,5,0.3
2,CELEBRATION,1688,7.966232227488152,8.784756535277126,0.013680628226156562,6.0019298243900526e-05,0.0,0.0,0.0,False,0.3722937318784356,23,1.36
2,CLEANING,1688,965.8480450236967,212.93610958592475,2.2287036622919128e-08,3.074366154783714e-08,0.0,0.0,0.0,False,0.525904405734182,28,1.66
2,DAIRY,1688,853.6869075829384,279.83158865411986,0.10859729422966075,0.32703638201816493,1.0,1.0,1.0,False,0.7222809952781987,38,2.25
2,DELI,1688,244.49059656398103,69.84855333495742,0.044233271151936635,0.12366996179287776,0.0,1.0,,True,0.668675921114684,41,2.43
2,EGGS,1688,186.91943127962085,52.18679994133942,6.0376301767984884e-06,6.914746624618934e-05,0.0,0.0,0.0,False,0.7863943138862535,77,4.56
2,FROZEN FOODS,1688,161.80153617476304,181.21501175446835,1.0966491560927098e-12,2.837253753051862e-11,0.0,0.0,0.0,False,0.10555803501259264,83,4.92
2,GROCERY I,1688,3916.631988744076,3585.4684816075255,2.8458558486446865e-10,4.6108608806526004e-11,0.0,0.0,0.0,False,0.058512113035750546,52,3.08
2,GROCERY II,1688,31.361078199052134,15.831950782594676,1.3111888001897602e-05,7.5081082326453124e-06,0.0,0.0,0.0,False,0.3964355198207391,50,2.96
2,HARDWARE,1688,1.1715047393364928,1.3691926190117245,4.966784274656558e-10,5.365067736962756e-12,0.0,0.0,0.0,False,0.17693079759060903,22,1.3
2,HOME AND KITCHEN I,1688,17.69312796208531,23.33112003300068,0.002148712052344682,8.215194741880632e-14,0.0,0.0,0.0,False,0.08474675230998174,43,2.55
2,HOME AND KITCHEN II,1688,14.404324644549764,23.93458654282026,0.0063335786014569,7.726106798122888e-08,0.0,0.0,0.0,False,0.17103342157504464,75,4.44
2,HOME APPLIANCES,1688,0.48045023696682465,0.7621199560421518,4.3005805112145054e-11,1.0810017175607595e-09,0.0,0.0,0.0,False,0.2076560905256556,43,2.55
2,HOME CARE,1688,177.46712085308056,165.1127480732291,0.004281083043802512,1.1871130109952375e-05,0.0,0.0,0.0,False,0.5598848931681514,4,0.24
2,LADIESWEAR,1688,17.56516587677725,18.060497881581757,0.0014083604710151373,5.747102001487353e-05,0.0,0.0,0.0,False,0.5286919812894624,14,0.83
2,LAWN AND GARDEN,1688,8.235485781990521,8.068767289555735,0.09245600381240371,0.053847433206448206,1.0,1.0,1.0,False,0.1999319694323074,62,3.67
2,LINGERIE,1688,9.322571090047393,6.533920885259976,0.0004926748370735263,0.0001015978702958104,0.0,0.0,0.0,False,0.2600911089114615,34,2.01
2,"LIQUOR,WINE,BEER",1688,87.06575829383887,82.2468388570257,9.10562937012388e-09,1.5300538329254605e-08,0.0,0.0,0.0,False,0.6139502148756071,68,4.03
2,MAGAZINES,1688,3.8397511848341233,5.031990293734721,0.4139793171199664,0.0007663015339616957,1.0,0.0,,True,0.3388719121347581,29,1.72
2,MEATS,1688,504.577155417654,194.9345918211562,0.00018579686184497067,0.00011707739020540223,0.0,0.0,0.0,False,0.7958246416887348,101,5.98
2,PERSONAL CARE,1688,263.1318127962085,152.8922495269582,1.5444741092934958e-06,1.2138965323781412e-07,0.0,0.0,0.0,False,0.17772952432059708,52,3.08
2,PET SUPPLIES,1688,5.4295023696682465,5.449401395316148,0.01760568103837482,5.6855103445663104e-05,0.0,0.0,0.0,False,0.29291822865771766,2,0.12
2,PLAYERS AND ELECTRONICS,1688,5.732227488151659,6.292112035996313,0.0006612948622475093,1.9070278000459665e-06,0.0,0.0,0.0,False,0.23848070223187445,22,1.3
2,POULTRY,1688,486.87430582997627,154.8004853450966,0.10687873469315384,0.4346247403531143,1.0,1.0,1.0,False,0.7171806791617175,6,0.36
2,PREPARED FOODS,1688,124.95837030805689,41.02984508084955,0.0007409260156614601,0.0002916193084829019,0.0,0.0,0.0,False,0.6001434424940502,43,2.55
2,PRODUCE,1688,1653.9470022511848,1432.4738009045293,0.014956814602332946,7.943669949195202e-05,0.0,0.0,0.0,False,0.6353557547484121,0,0.0
2,SCHOOL AND OFFICE SUPPLIES,1688,0.45764218009478674,1.016963825013047,2.063645592351533e-05,3.0387467583576544e-06,0.0,0.0,0.0,False,0.5416191695370746,195,11.55
2,SEAFOOD,1688,32.198856623341236,11.349815805048099,0.0039797485297929005,2.5052903647880944e-06,0.0,0.0,0.0,False,0.5456822425563336,18,1.07
3,AUTOMOTIVE,1688,9.29472748815166,5.279060371714516,0.0029301216390512333,1.0997307421119572e-05,0.0,0.0,0.0,False,0.4111942718968282,47,2.78
3,BABY CARE,1688,0.40017772511848343,1.0942350270474732,0.22853708177235488,0.09311669692366814,1.0,1.0,1.0,False,0.33183697115140565,288,17.06
3,BEAUTY,1688,9.616409952606634,6.429148548883562,0.18743130328864677,0.00011445430090931076,1.0,0.0,,True,0.48659798721042,41,2.43
3,BEVERAGES,1688,6743.263033175355,3123.759782702821,0.06036231309469995,2.3225656424166947e-05,1.0,0.0,,True,0.742009695238051,14,0.83
3,BOOKS,1688,0.3222748815165877,1.1657741294767638,0.0016649409444789078,0.002596027826167288,0.0,0.0,0.0,False,1.0,182,10.78
3,BREAD/BAKERY,1688,1150.0272366380332,324.05015739118664,0.18681197152939816,6.965815835233618e-05,1.0,0.0,,True,0.7445313654318443,30,1.78
3,CELEBRATION,1688,28.799763033175356,40.18034935336421,0.015096002131364833,8.697553068668008e-05,0.0,0.0,0.0,False,0.1755873673201992,66,3.91
3,CLEANING,1688,2063.3151658767774,484.82719000505745,3.319006573615493e-06,2.717505374362683e-09,0.0,0.0,0.0,False,0.6169535967050875,32,1.9
3,DAIRY,1688,2041.4911137440758,642.6880062401749,0.15315556885845172,0.1601659508967287,1.0,1.0,1.0,False,0.7368718208003389,21,1.24
3,DELI,1688,394.86760678317535,117.46553848502775,0.00020668113502345266,0.0002648471132299207,0.0,0.0,0.0,False,0.7540746805330899,24,1.42
3,EGGS,1688,522.4845971563981,125.25906787092165,8.247174203628622e-09,1.3299404387758485e-07,0.0,0.0,0.0,False,0.7564806897091723,35,2.07
3,FROZEN FOODS,1688,450.9990401866114,449.4027108043195,1.9511651242189507e-10,3.2646151959046734e-09,0.0,0.0,0.0,False,0.17456835033586626,99,5.86
3,GROCERY I,1688,7705.7122470379145,2242.300375228381,0.0003230879729973444,5.666110103546493e-08,0.0,0.0,0.0,False,0.6293267954925477,39,2.31
3,GROCERY II,1688,77.39899289099526,31.97027394774656,2.2506998108859573e-07,8.580722322621412e-07,0.0,0.0,0.0,False,0.3166674405368729,69,4.09
3,HARDWARE,1688,3.0,2.237591748871466,2.1995230263234305e-08,1.0531469353222962e-09,0.0,0.0,0.0,False,0.3051701437649066,38,2.25
3,HOME AND KITCHEN I,1688,43.82197867298578,39.681510318641905,0.04024293605869499,0.002754904962406134,0.0,0.0,0.0,False,0.24469499926727156,5,0.3
3,HOME AND KITCHEN II,1688,34.94105450236967,37.192799279845644,0.009180613718947775,3.1691328058863703e-05,0.0,0.0,0.0,False,0.31462930780341836,34,2.01
3,HOME APPLIANCES,1688,1.8794431279620853,1.7223067816141933,6.021432357210598e-08,1.0329271838644972e-06,0.0,0.0,0.0,False,0.2909119172257333,4,0.24
3,HOME CARE,1688,324.58175355450237,283.2680841174224,0.012105225604304657,2.5799592096266535e-05,0.0,0.0,0.0,False,0.5534601227626641,1,0.06
3,LADIESWEAR,1688,30.932464454976305,32.61338618535833,0.0068006027894261765,0.00029129742382161093,0.0,0.0,0.0,False,0.6434252568153163,16,0.95
3,LAWN AND GARDEN,1688,24.54946682464455,21.410213113377697,0.6677586063294809,0.41625982162485303,1.0,1.0,1.0,False,0.38502894315831204,178,10.55
3,LINGERIE,1688,27.529028436018958,13.694829557657838,4.515515031850062e-06,1.6154505178836356e-05,0.0,0.0,0.0,False,0.21900531039115978,62,3.67
3,"LIQUOR,WINE,BEER",1688,220.46593601895734,161.8840472339897,1.0714931197775062e-07,1.6894421523123385e-07,0.0,0.0,0.0,False,0.725658848392375,44,2.61
3,MAGAZINES,1688,12.181279620853081,14.890840276727763,0.3402920068625098,0.001138155772006577,1.0,0.0,,True,0.3454088832848773,16,0.95
3,MEATS,1688,811.2663836848342,253.59917272742288,6.249579945596285e-06,1.5794281314744566e-10,0.0,0.0,0.0,False,0.8457244883204154,70,4.15
3,PERSONAL CARE,1688,503.71978672985784,201.3703210501387,0.00315946626627016,3.647536363524832e-08,0.0,0.0,0.0,False,0.7314124442544637,45,2.67
3,PET SUPPLIES,1688,11.697274881516588,11.287318593627871,0.028204971154271917,0.00026408249421756586,0.0,0.0,0.0,False,0.4162150556700702,1,0.06
3,PLAYERS AND ELECTRONICS,1688,17.757405213270143,17.57884950366367,0.0029306451420729055,0.00017168936037565677,0.0,0.0,0.0,False,0.41855803919630075,7,0.41
3,POULTRY,1688,1131.3442882760662,405.28543846558307,0.12495582257485482,0.4142496477482116,1.0,1.0,1.0,False,0.7428145770288572,5,0.3
3,PREPARED FOODS,1688,367.5720020793839,86.78961858606601,0.0009460709516402325,0.001679846271889562,0.0,0.0,0.0,False,0.5813707468316063,28,1.66
3,PRODUCE,1688,5117.989935663507,4389.226797574665,0.017912175730616233,0.00013355256001340698,0.0,0.0,0.0,False,0.6255199348363609,0,0.0
3,SCHOOL AND OFFICE SUPPLIES,1688,0.7497037914691943,1.359613044233844,0.09979382464664899,0.0005118731893472875,1.0,0.0,,True,0.5230933908319626,175,10.37
3,SEAFOOD,1688,106.16677446800946,30.70526910324344,3.7478934835600623e-06,4.097500404669255e-05,0.0,0.0,0.0,False,0.6687814648067287,16,0.95
4,AUTOMOTIVE,1688,4.023104265402844,2.892573625272584,6.132348188335851e-10,3.864678223481462e-09,0.0,0.0,0.0,False,0.29048823676953806,49,2.9
4,BABY CARE,1688,0.01481042654028436,0.16265021206801222,0.0010588063702434785,0.0018244899971939252,0.0,0.0,0.0,False,0.30900134171057836,17,1.01
4,BEAUTY,1688,4.095675355450237,2.895205696074353,0.0007744901626053762,6.082972540503569e-06,0.0,0.0,0.0,False,0.41854443790237605,27,1.6
4,BEVERAGES,1688,2179.4061018957345,1132.10322071426,0.039466113439143864,4.173807398646381e-05,0.0,0.0,0.0,False,0.7534487903985386,21,1.24
4,BOOKS,1688,0.15817535545023698,0.6644353402224823,0.02574183511883608,0.054049711915198084,0.0,1.0,,True,1.0,133,7.88
4,BREAD/BAKERY,1688,405.2962752132702,122.93257820067454,0.01008686811801899,0.001689012220828142,0.0,0.0,0.0,False,0.7624895497728568,85,5.04
4,CELEBRATION,1688,6.398696682464455,8.616377106157069,0.0008693779578646306,2.8998935338460485e-05,0.0,0.0,0.0,False,0.3573646271267511,37,2.19
4,CLEANING,1688,885.1235189573459,229.48119691379333,3.058677386240448e-10,4.005115791614543e-09,0.0,0.0,0.0,False,0.5122765228169929,36,2.13
4,DAIRY,1688,789.7781398104265,279.69443342641057,0.10856621248605502,0.36746286370322034,1.0,1.0,1.0,False,0.7920795023036565,96,5.69
4,DELI,1688,216.18108417298578,69.19273340100092,0.0001779143753222857,7.45918654356551e-06,0.0,0.0,0.0,False,0.7222335047618751,34,2.01
4,EGGS,1688,172.08204976303318,57.662092790120504,3.673610935360896e-05,3.7301916132484816e-05,0.0,0.0,0.0,False,0.8231963855313741,94,5.57
4,FROZEN FOODS,1688,152.04987346208532,219.32450024627417,2.4756058677065064e-15,1.5234594072341261e-13,0.0,0.0,0.0,False,0.07734295618656783,85,5.04
4,GROCERY I,1688,3349.329679206161,995.7539289140874,0.0007855386711641115,7.869656324699636e-09,0.0,0.0,0.0,False,0.6787170721941984,55,3.26
4,GROCERY II,1688,20.88803317535545,12.316304976298738,2.413652046835499e-07,3.1565309421191123e-06,0.0,0.0,0.0,False,0.27483198976400014,63,3.73
4,HARDWARE,1688,1.14010663507109,1.3912067788807834,2.088176244811235e-10,2.95548515145058e-17,0.0,0.0,0.0,False,0.1864890472884766,25,1.48
4,HOME AND KITCHEN I,1688,13.880331753554502,17.11856431564685,0.0013185197179351883,0.0001885291372922353,0.0,0.0,0.0,False,0.1392684687083784,45,2.67
4,HOME AND KITCHEN II,1688,8.887736966824644,11.204264900439716,0.020134700621173084,0.001320910864918969,0.0,0.0,0.0,False,0.17251912384628465,46,2.73
4,HOME APPLIANCES,1688,0.3906990521327014,0.695094154266091,2.547931376357384e-13,9.700654389731849e-12,0.0,0.0,0.0,False,0.17021831197458182,30,1.78
4,HOME CARE,1688,153.8915876777251,134.6123122382652,0.008006101260560476,2.495483867441291e-05,0.0,0.0,0.0,False,0.563495639133377,0,0.0
4,LADIESWEAR,1688,15.210308056872037,16.52041256153148,0.0010027377011282857,3.146235386745103e-05,0.0,0.0,0.0,False,0.5727343035370308,26,1.54
4,LAWN AND GARDEN,1688,9.375296208530806,8.789054593483938,0.442706355641394,0.13779298652751049,1.0,1.0,1.0,False,0.3830721975194651,90,5.33
4,LINGERIE,1688,4.606042654028436,6.073864559290499,1.641538804941123e-05,5.226904630362841e-06,0.0,0.0,0.0,False,0.14108598837028175,76,4.5
4,"LIQUOR,WINE,BEER",1688,83.6611374407583,81.19198186858561,6.186601886831817e-09,7.83695494315016e-08,0.0,0.0,0.0,False,0.6408417182109457,61,3.61
4,MAGAZINES,1688,3.5002962085308056,4.621170444012164,0.16460879627356845,0.0003426545823497971,1.0,0.0,,True,0.32627274694443376,33,1.95
4,MEATS,1688,369.74952597748813,103.39471482315047,3.681933425249215e-10,7.689644914064658e-09,0.0,0.0,0.0,False,0.7207022871909141,17,1.01
4,PERSONAL CARE,1688,228.16498815165878,87.72885999145308,0.00023418081542502238,6.687076626055459e-07,0.0,0.0,0.0,False,0.659520649942893,56,3.32
4,PET SUPPLIES,1688,4.250888625592417,4.593880021257684,0.15100873710363527,0.00236699923340259,1.0,0.0,,True,0.3566275439155635,13,0.77
4,PLAYERS AND ELECTRONICS,1688,5.423281990521327,5.924030764319588,0.002480924032068869,2.033274446201651e-06,0.0,0.0,0.0,False,0.3099190665589615,20,1.18
4,POULTRY,1688,449.2691757968009,157.85999991596302,0.12434331083734268,0.5184347988641693,1.0,1.0,1.0,False,0.7562032339322706,10,0.59
4,PREPARED FOODS,1688,99.70382910189575,37.391995089143784,0.0009733899267297184,0.0004473815036209464,0.0,0.0,0.0,False,0.6367247962073809,38,2.25
4,PRODUCE,1688,1569.8689446682463,1398.1274272111536,0.016982029008203958,3.6856508172547195e-05,0.0,0.0,0.0,False,0.7008264578480442,0,0.0
4,SCHOOL AND OFFICE SUPPLIES,1688,0.20764218009478674,0.6866805525963547,0.00024248220539753654,0.0001596292954862788,0.0,0.0,0.0,False,0.38317213241719383,241,14.28
4,SEAFOOD,1688,32.68780936196683,11.903799284859604,1.1910368007767447e-07,1.4699300285835242e-06,0.0,0.0,0.0,False,0.6019304254197813,41,2.43
5,AUTOMOTIVE,1688,5.461196682464455,3.255810398827437,1.1663814431399939e-06,3.9567902300816126e-10,0.0,0.0,0.0,False,0.36674824935715145,37,2.19
5,BABY CARE,1688,0.12914691943127962,0.5388553872536186,0.07719376612583602,0.09574359124386134,1.0,1.0,1.0,False,1.0,123,7.29
5,BEAUTY,1688,5.164395734597156,3.1315866148848506,5.070256113796689e-05,2.313316682550903e-06,0.0,0.0,0.0,False,0.2858241157850615,32,1.9
5,BEVERAGES,1688,1506.5281398104266,670.1555059401396,0.002635815826703461,3.76539477260863e-05,0.0,0.0,0.0,False,0.5526797010010909,2,0.12
5,BOOKS,1688,0.13803317535545023,0.566208215078931,0.04369594922143424,0.09542646482304296,0.0,1.0,,True,1.0,129,7.64
5,BREAD/BAKERY,1688,381.75690603672984,87.231188618722,0.12536985481022783,0.3356165015563493,1.0,1.0,1.0,False,0.5708402292568544,51,3.02
5,CELEBRATION,1688,15.563684834123222,15.33265600533799,0.03338609987601924,0.0010887604715061547,0.0,0.0,0.0,False,0.41830571028791264,3,0.18
5,CLEANING,1688,991.3326421800948,229.92827477723716,6.663214719653768e-06,7.112321672307019e-07,0.0,0.0,0.0,False,0.4643079342738454,49,2.9
5,DAIRY,1688,517.9851895734597,146.95148506395265,0.04999186282462548,0.14330509216735143,0.0,1.0,,True,0.5433897181191736,33,1.95
5,DELI,1688,246.83788128554502,63.16203763125828,0.002028155750099916,0.002832096046690949,0.0,0.0,0.0,False,0.5463382716187299,50,2.96
5,EGGS,1688,113.3853672985782,35.5611887285723,0.34845595650672956,0.0021052360709116658,1.0,0.0,,True,0.6554341385243501,42,2.49
5,FROZEN FOODS,1688,162.41124330035544,312.3429160580778,2.6943260318310345e-14,1.2864015929280488e-12,0.0,0.0,0.0,False,0.07659796486620829,110,6.52
5,GROCERY I,1688,3129.568258293839,737.024438660478,1.5876667813310356e-10,3.0641439991312058e-09,0.0,0.0,0.0,False,0.4894521760873717,63,3.73
5,GROCERY II,1688,19.82849526066351,16.306936628437903,1.1882550881497332e-10,5.327602734305187e-10,0.0,0.0,0.0,False,0.23636688435990105,89,5.27
5,HARDWARE,1688,1.0248815165876777,1.2097595072510494,0.0,0.0,0.0,0.0,0.0,False,0.21624037001287466,9,0.53
5,HOME AND KITCHEN I,1688,17.95053317535545,18.13716622758711,0.010449842735100542,1.8297480443693125e-05,0.0,0.0,0.0,False,0.21769557890371494,22,1.3
5,HOME AND KITCHEN II,1688,22.14099526066351,33.060079339833905,0.0018733068750968766,0.0034599386809414604,0.0,0.0,0.0,False,0.27140280933436667,108,6.4
5,HOME APPLIANCES,1688,0.5509478672985783,0.8659803930490686,8.604411090777248e-07,1.0552925830169824e-05,0.0,0.0,0.0,False,0.18410843476690408,67,3.97
5,HOME CARE,1688,142.30035545023696,121.55942931194339,0.0011239709028745683,1.10865240712106e-05,0.0,0.0,0.0,False,0.40777354814131084,0,0.0
5,LADIESWEAR,1688,8.7864336492891,9.984094028443534,0.00014640261357157602,3.345838263983381e-06,0.0,0.0,0.0,False,0.4078288393175322,21,1.24
5,LAWN AND GARDEN,1688,2.9552725118483414,7.406115524978057,0.008452219854695757,0.003696384896652571,0.0,0.0,0.0,False,0.0642371666053203,88,5.21
5,LINGERIE,1688,18.75325829383886,10.672024435869737,0.0023428173271512636,3.4050745650352536e-07,0.0,0.0,0.0,False,0.32542025394070684,43,2.55
5,"LIQUOR,WINE,BEER",1688,66.01332938388626,55.349168900517256,3.9524350774850076e-10,4.4698311749446815e-09,0.0,0.0,0.0,False,0.5462063593077238,79,4.68
5,MAGAZINES,1688,3.906398104265403,4.632794039967662,0.19440156978696765,0.00010563356191476882,1.0,0.0,,True,0.3123994544883222,18,1.07
5,MEATS,1688,283.42322013981044,69.9149120330359,0.02768895469962722,0.0003963407082480923,0.0,0.0,0.0,False,0.5619659154922563,21,1.24
5,PERSONAL CARE,1688,267.58530805687207,82.07872164881915,0.0005295578343809704,0.0037043827133611366,0.0,0.0,0.0,False,0.5812836297460362,41,2.43
5,PET SUPPLIES,1688,1.9016587677725119,2.3313506437717004,0.04150041616844499,1.2097502021475946e-05,0.0,0.0,0.0,False,0.2294437773075243,40,2.37
5,PLAYERS AND ELECTRONICS,1688,4.795616113744076,5.184845659847976,0.0032271967374945384,7.549406371884324e-06,0.0,0.0,0.0,False,0.2581087385894091,17,1.01
5,POULTRY,1688,249.64926327369668,78.18657291318614,0.023944476676144213,0.10098384824958129,0.0,1.0,,True,0.48673564456630236,40,2.37
5,PREPARED FOODS,1688,87.8957230420616,24.296156477795407,0.22637193167634256,0.026490729965937713,1.0,0.0,,True,0.3316673716626807,12,0.71
5,PRODUCE,1688,984.5247900829384,846.6591048572034,0.002475862890203815,3.754390415758078e-05,0.0,0.0,0.0,False,0.3700067820422871,0,0.0
5,SCHOOL AND OFFICE SUPPLIES,1688,0.4816350710900474,2.998461439813506,4.73397104273171e-05,0.00010347235010013607,0.0,0.0,0.0,False,0.949078208602293,270,16.0
5,SEAFOOD,1688,13.273466821712086,6.402140977945218,0.001045731034700045,0.003641283993242299,0.0,0.0,0.0,False,0.2323508719852302,48,2.84
6,AUTOMOTIVE,1688,5.363151658767772,3.7537089370829366,2.463874187273476e-09,1.5014224883571902e-10,0.0,0.0,0.0,False,0.33256899823693375,64,3.79
6,BABY CARE,1688,0.0071090047393364926,0.1286349193173066,1.976382902313515e-10,1.4251717438597081e-09,0.0,0.0,0.0,False,0.26577517502254,7,0.41
6,BEAUTY,1688,5.670912322274882,3.992022408938843,0.011375624236742581,1.270532929019864e-06,0.0,0.0,0.0,False,0.4726732742224108,44,2.61
6,BEVERAGES,1688,3007.8859597156397,1613.4845345067974,0.0551577347879632,0.00036637198147693764,1.0,0.0,,True,0.7838943566502139,28,1.66
6,BOOKS,1688,0.045023696682464455,0.4107175607059892,1.9965908392195262e-08,1.6692278052734383e-07,0.0,0.0,0.0,False,1.0,27,1.6
6,BREAD/BAKERY,1688,545.5488866350711,166.46015427125678,0.055990408189920654,0.0008972180760186258,1.0,0.0,,True,0.7747548515366761,70,4.15
6,CELEBRATION,1688,9.375,10.255353395478526,0.012865192114112972,0.0006606313483035645,0.0,0.0,0.0,False,0.43217633629940455,24,1.42
6,CLEANING,1688,1236.8462677725117,344.56032424806517,6.83564369030679e-09,1.0440238328207737e-10,0.0,0.0,0.0,False,0.6861499897502117,35,2.07
6,DAIRY,1688,957.7905805687204,355.1397783044059,0.12067919671569388,0.1743122302113872,1.0,1.0,1.0,False,0.7976100922468073,77,4.56
6,DELI,1688,341.88672556872046,110.90060930864716,0.0011722791262027228,0.0003194886430586314,0.0,0.0,0.0,False,0.7442988787447338,38,2.25
6,EGGS,1688,204.89691943127963,69.02373698895187,0.0024061191256899302,2.0796419904155938e-06,0.0,0.0,0.0,False,0.8204534742033769,86,5.09
6,FROZEN FOODS,1688,226.60521786670617,252.2624467425031,1.2417371993038362e-10,2.7454105702624026e-09,0.0,0.0,0.0,False,0.17680255166262904,75,4.44
6,GROCERY I,1688,4639.739782879146,1446.4997844838076,0.0006444420721417333,3.847469492106495e-09,0.0,0.0,0.0,False,0.712616597395927,43,2.55
6,GROCERY II,1688,35.279028436018955,16.866285694480027,1.0413858523935896e-07,1.3188402393074426e-06,0.0,0.0,0.0,False,0.3671016488722201,49,2.9
6,HARDWARE,1688,0.933649289099526,1.2129680441865043,0.00022137254959867284,0.00020859277917143352,0.0,0.0,0.0,False,0.2474974777929584,184,10.9
6,HOME AND KITCHEN I,1688,17.49792654028436,19.92208805863034,0.000437500977550569,1.778998486748774e-09,0.0,0.0,0.0,False,0.21412838268823975,42,2.49
6,HOME AND KITCHEN II,1688,29.368187203791468,44.00549907473098,0.026716050018475768,0.0016186680272561407,0.0,0.0,0.0,False,0.1590798920177372,76,4.5
6,HOME APPLIANCES,1688,0.3936611374407583,0.7929229704642647,1.0873751685350991e-07,6.878291905854997e-09,0.0,0.0,0.0,False,0.35161363881337426,57,3.38
6,HOME CARE,1688,202.28880331753555,180.94872394827166,0.012450074959493837,2.8870180094148128e-05,0.0,0.0,0.0,False,0.6024969640655111,2,0.12
6,LADIESWEAR,1688,19.295616113744074,21.17462730414908,0.0009218829838651838,2.6938821234376247e-05,0.0,0.0,0.0,False,0.6195608669122761,40,2.37
6,LAWN AND GARDEN,1688,7.788210900473934,8.548340014916468,0.15636305857958138,0.017255671077016203,1.0,0.0,,True,0.28025019639078497,63,3.73
6,LINGERIE,1688,8.14691943127962,5.862688021413152,1.9317687073511232e-05,0.0002955808802915398,0.0,0.0,0.0,False,0.26573334623135114,53,3.14
6,"LIQUOR,WINE,BEER",1688,93.94016587677726,85.16984132439845,2.3206584093903754e-10,4.2408279143520885e-09,0.0,0.0,0.0,False,0.681062673017877,87,5.15
6,MAGAZINES,1688,3.6652843601895735,4.870789605723991,0.1253748184546849,0.0010483093928021813,1.0,0.0,,True,0.29826728014979054,54,3.2
6,MEATS,1688,495.4162733116113,127.5065605950851,1.7304851506385767e-13,6.399790181726107e-12,0.0,0.0,0.0,False,0.7395384185532965,5,0.3
6,PERSONAL CARE,1688,321.6134478672986,132.14469204356834,0.0006212344532088316,4.048228226707811e-06,0.0,0.0,0.0,False,0.70183939316705,45,2.67
6,PET SUPPLIES,1688,5.921504739336493,6.008828190985832,0.01741833591448233,1.5918633678307336e-05,0.0,0.0,0.0,False,0.41795763583175505,7,0.41
6,PLAYERS AND ELECTRONICS,1688,7.815462085308057,8.218661317919624,0.011498009870364223,2.3405394051731546e-05,0.0,0.0,0.0,False,0.4145337597019013,11,0.65
6,POULTRY,1688,631.5558215462086,219.02815842306038,0.10502066033396068,0.42283105986115505,1.0,1.0,1.0,False,0.7760114489489288,23,1.36
6,PREPARED FOODS,1688,140.67443179383883,45.96364733568851,0.0041418104278716965,0.0009238509039282617,0.0,0.0,0.0,False,0.6878578901215286,31,1.84
6,PRODUCE,1688,1720.6623922393362,1517.8949524509064,0.014787402219909313,0.0001571022168105664,0.0,0.0,0.0,False,0.7127960249564311,0,0.0
6,SCHOOL AND OFFICE SUPPLIES,1688,0.26510663507109006,1.2047659705310683,5.360679317786681e-06,2.0119099224136304e-05,0.0,0.0,0.0,False,0.999999998254907,199,11.79
6,SEAFOOD,1688,43.42322530331754,16.268205415802463,3.124157163944316e-07,4.83554175592888e-08,0.0,0.0,0.0,False,0.6778481244160104,17,1.01
7,AUTOMOTIVE,1688,4.244372037914692,3.47144730261645,1.6587086523430036e-06,0.0,0.0,0.0,0.0,False,0.1351968860054874,42,2.49
7,BABY CARE,1688,0.028732227488151657,0.18678398074631777,0.009361197209436853,0.005366804598990862,0.0,0.0,0.0,False,0.2618303359699351,43,2.55
7,BEAUTY,1688,3.6516587677725116,2.331541330655787,0.00029688490510327285,1.215146719611217e-16,0.0,0.0,0.0,False,0.2907198739830006,32,1.9
7,BEVERAGES,1688,3321.540876777251,1312.525247603046,0.05835382021331103,0.00023178947940195762,1.0,0.0,,True,0.3018273023296928,3,0.18
7,BOOKS,1688,0.125,0.741929508360739,0.0016897481996128406,0.00676680862012732,0.0,0.0,0.0,False,1.0,71,4.21
7,BREAD/BAKERY,1688,642.4789705124407,163.8385945530524,0.12487780838623108,9.24433285576478e-05,1.0,0.0,,True,0.4146454485171347,8,0.47
7,CELEBRATION,1688,11.277547393364928,11.598569067513278,0.051703798613594414,0.0013787245012594138,1.0,0.0,,True,0.3674439342664646,8,0.47
7,CLEANING,1688,1051.370260663507,231.42321717107873,5.182922972740783e-06,2.5996691650878063e-10,0.0,0.0,0.0,False,0.36822441047895116,52,3.08
7,DAIRY,1688,1225.266587677725,336.46440893484197,0.16481483831903848,0.18659158396170566,1.0,1.0,1.0,False,0.3937517298903793,5,0.3
7,DELI,1688,169.00785016469192,34.62450959816887,0.0028585501378727007,0.00036826357424553244,0.0,0.0,0.0,False,0.3781708305986581,26,1.54
7,EGGS,1688,284.8376777251185,46.39263135499767,1.0049677704943365e-05,2.9919158870149936e-06,0.0,0.0,0.0,False,0.4765335817165919,18,1.07
7,FROZEN FOODS,1688,258.4028858827014,166.45683519140778,8.082468098659165e-09,4.653054561583172e-08,0.0,0.0,0.0,False,0.22701355013831181,88,5.21
7,GROCERY I,1688,3710.824345971564,946.6775950471064,0.004506088019584402,4.986428594162595e-06,0.0,0.0,0.0,False,0.28968642074638273,36,2.13
7,GROCERY II,1688,40.04443127962085,17.671543299689052,1.3540631432648557e-09,1.6087396775774925e-08,0.0,0.0,0.0,False,0.25978006218017125,44,2.61
7,HARDWARE,1688,2.050059241706161,1.9775743307384506,0.00043666499580389786,7.298277988198899e-09,0.0,0.0,0.0,False,0.22810567390987302,56,3.32
7,HOME AND KITCHEN I,1688,14.514810426540285,18.82448067692649,0.00048400609408394185,4.0941187697744536e-16,0.0,0.0,0.0,False,0.1045068586469603,42,2.49
7,HOME AND KITCHEN II,1688,13.88181279620853,18.208039543093903,0.0008593653122404949,3.706289579845974e-09,0.0,0.0,0.0,False,0.07765208179148064,38,2.25
7,HOME APPLIANCES,1688,0.7754739336492891,1.0409244844689605,3.233966417744476e-10,6.5568933763475566e-09,0.0,0.0,0.0,False,0.24286912732548438,121,7.17
7,HOME CARE,1688,150.43009478672985,126.61035553516257,0.03306265793863677,7.174111988542658e-05,0.0,0.0,0.0,False,0.2256420195593295,2,0.12
7,LADIESWEAR,1688,7.287026066350711,7.824284914454269,0.021425550611747127,0.00018885568173603327,0.0,0.0,0.0,False,0.2840546063944519,9,0.53
7,LAWN AND GARDEN,1688,19.02962085308057,15.293551588434669,0.7680124324467751,0.6411620196476717,1.0,1.0,1.0,False,0.2825228042515461,145,8.59
7,LINGERIE,1688,8.90728672985782,6.112133383287174,6.591080260445639e-05,5.016082287646602e-17,0.0,0.0,0.0,False,0.20892868457247893,32,1.9
7,"LIQUOR,WINE,BEER",1688,159.82849526066352,113.04547164736445,7.047261475759772e-08,2.3073061757294648e-08,0.0,0.0,0.0,False,0.7843868691212703,15,0.89
7,MAGAZINES,1688,6.638625592417061,7.542177849724755,0.29807067774143303,7.365011334337997e-05,1.0,0.0,,True,0.20873302169089858,9,0.53
7,MEATS,1688,522.2379200533176,149.4494331391172,2.3453652076430455e-06,4.253264759355611e-07,0.0,0.0,0.0,False,0.6507654305340194,144,8.53
7,PERSONAL CARE,1688,213.33530805687204,65.03606320552585,0.007096303290855101,1.6885284329179214e-06,0.0,0.0,0.0,False,0.3283174281182112,28,1.66
7,PET SUPPLIES,1688,3.8498222748815167,4.176754195020447,0.11080001342325269,0.0007249688466613133,1.0,0.0,,True,0.23771492692229024,7,0.41
7,PLAYERS AND ELECTRONICS,1688,6.928317535545023,7.392334356933222,0.012234819800572252,1.5303775543736824e-05,0.0,0.0,0.0,False,0.2055994295669521,13,0.77
7,POULTRY,1688,604.6221907701422,210.99345381373243,0.09016928844929822,0.2367028346394735,1.0,1.0,1.0,False,0.5594340346876927,39,2.31
7,PREPARED FOODS,1688,179.35409831013033,38.4552474057568,0.0024263903087436115,0.02701778220613028,0.0,0.0,0.0,False,0.3619983521108494,18,1.07
7,PRODUCE,1688,3312.126119964455,2818.6057687915,0.01956241633178867,6.797661528245406e-05,0.0,0.0,0.0,False,0.5608260045006856,0,0.0
7,SCHOOL AND OFFICE SUPPLIES,1688,0.3181279620853081,0.9409555373513634,2.265922770983547e-07,8.196390932620554e-08,0.0,0.0,0.0,False,0.6169154022684734,313,18.54
7,SEAFOOD,1688,57.49599719372038,17.57546232314898,0.0004824684568607718,0.003222555990869174,0.0,0.0,0.0,False,0.5069962680532805,26,1.54
8,AUTOMOTIVE,1688,5.279028436018957,3.861032784014963,1.6844625078429874e-11,9.422107483490375e-11,0.0,0.0,0.0,False,0.23722372797257085,44,2.61
8,BABY CARE,1688,0.08441943127962086,0.35800626130193514,0.42649820450634546,0.08017478621516527,1.0,1.0,1.0,False,0.3137216046147917,110,6.52
8,BEAUTY,1688,7.195201421800948,4.521333946842647,0.053988383663909366,2.372221681656916e-05,1.0,0.0,,True,0.4465438298530311,77,4.56
8,BEVERAGES,1688,3771.0065165876777,1772.7860690473537,0.03185663409348274,1.1173508749491156e-05,0.0,0.0,0.0,False,0.7262361282329224,13,0.77
8,BOOKS,1688,0.18927725118483413,0.8018857140684432,0.011223700560056395,0.02165780067210425,0.0,0.0,0.0,False,1.0,141,8.35
8,BREAD/BAKERY,1688,752.566177606635,210.31545473146102,0.2732660364599885,0.008285014512269121,1.0,0.0,,True,0.6854582026086569,19,1.13
8,CELEBRATION,1688,14.864928909952607,16.347328632023046,0.004691578571636232,0.00013045687970059678,0.0,0.0,0.0,False,0.28590794270863484,16,0.95
8,CLEANING,1688,1261.2680687203792,273.0213338816897,4.979826483493687e-07,1.1050084708042236e-08,0.0,0.0,0.0,False,0.5742765421979272,24,1.42
8,DAIRY,1688,1410.0784952606634,428.53970125058646,0.19449727224941166,0.2586075137051699,1.0,1.0,1.0,False,0.7465118285993576,26,1.54
8,DELI,1688,278.59755969786727,72.82860348771531,0.0021137985697859026,1.2470044041568141e-05,0.0,0.0,0.0,False,0.7271348076914526,17,1.01
8,EGGS,1688,327.0207345971564,91.6487983406147,5.614580879054015e-07,1.9918285510280152e-06,0.0,0.0,0.0,False,0.8061317551336885,12,0.71
8,FROZEN FOODS,1688,238.65869693187204,254.23306641040395,1.662522056698766e-09,2.7988656676991013e-08,0.0,0.0,0.0,False,0.17876085626988902,94,5.57
8,GROCERY I,1688,4699.827606635071,1342.020099271455,0.00021298293521463418,3.06177141318116e-08,0.0,0.0,0.0,False,0.6091096037329278,50,2.96
8,GROCERY II,1688,41.54472748815166,18.370106207087073,3.4282882752572954e-16,6.424454290724651e-15,0.0,0.0,0.0,False,0.241268421281137,51,3.02
8,HARDWARE,1688,2.3924763033175354,2.0773761505910615,1.4698667022816162e-05,5.833942699396788e-07,0.0,0.0,0.0,False,0.23577884399520832,81,4.8
8,HOME AND KITCHEN I,1688,29.75829383886256,28.157823099644634,0.0028987009252235893,4.88261853864492e-06,0.0,0.0,0.0,False,0.1787340429557981,20,1.18
8,HOME AND KITCHEN II,1688,25.742890995260662,28.94901712641763,0.0075547162676227846,2.5402192878037003e-08,0.0,0.0,0.0,False,0.263047009654655,29,1.72
8,HOME APPLIANCES,1688,1.1691350710900474,1.4116884283907258,4.982121601020345e-05,0.00012850575561526296,0.0,0.0,0.0,False,0.2264359010990481,19,1.13
8,HOME CARE,1688,232.87796208530807,202.2961265026555,0.02123906258580866,3.441921907318638e-05,0.0,0.0,0.0,False,0.5615032521327219,2,0.12
8,LADIESWEAR,1688,24.84745260663507,25.410115291481524,0.0006572210944450708,0.00011060361036108211,0.0,0.0,0.0,False,0.4379410307167264,10,0.59
8,LAWN AND GARDEN,1688,16.819905213270143,15.084031589766948,0.6141660708449523,0.3183603341414027,1.0,1.0,1.0,False,0.2390260645704445,145,8.59
8,LINGERIE,1688,22.395142180094787,11.53835489866566,1.1857076579926613e-07,1.2370515881143368e-11,0.0,0.0,0.0,False,0.16397909953932455,40,2.37
8,"LIQUOR,WINE,BEER",1688,148.13803317535545,98.70161646112594,1.0146055276819925e-07,3.563267856415892e-07,0.0,0.0,0.0,False,0.7193333094381711,33,1.95
8,MAGAZINES,1688,8.243779620853081,9.987097030916,0.2584878384464737,0.00014892788418536962,1.0,0.0,,True,0.35654588897658757,34,2.01
8,MEATS,1688,519.2292933767773,182.95242860519176,3.494537923067135e-08,1.1411023446275422e-09,0.0,0.0,0.0,False,0.8292811315692676,162,9.6
8,PERSONAL CARE,1688,327.561018957346,162.91695713758045,2.1726930618280277e-05,7.65989133298985e-09,0.0,0.0,0.0,False,0.3460997198832837,48,2.84
8,PET SUPPLIES,1688,10.165876777251185,10.147637324692152,0.1013430245652383,4.676115312368219e-05,1.0,0.0,,True,0.45459958547642787,7,0.41
8,PLAYERS AND ELECTRONICS,1688,11.295912322274882,11.235632775322404,0.007221983352631285,4.8150443610459845e-06,0.0,0.0,0.0,False,0.29626511130321453,8,0.47
8,POULTRY,1688,598.6964891469195,226.5922853985775,0.14568918263410274,0.4922637537231953,1.0,1.0,1.0,False,0.7265115456104301,0,0.0
8,PREPARED FOODS,1688,211.9344842772512,57.11886896678322,0.0005307411872707688,2.682574051768266e-07,0.0,0.0,0.0,False,0.6743566284080352,22,1.3
8,PRODUCE,1688,3062.1198709123223,2692.3856922647988,0.013548308488952866,9.749932796982607e-05,0.0,0.0,0.0,False,0.6673825761876215,0,0.0
8,SCHOOL AND OFFICE SUPPLIES,1688,0.4206161137440758,1.0089588497197517,0.0009634465281807778,0.00011489676055743536,0.0,0.0,0.0,False,0.522912033616594,401,23.76
8,SEAFOOD,1688,55.68894195734598,18.775349544803948,1.4893038753813061e-06,2.663190888162013e-06,0.0,0.0,0.0,False,0.6967379517639988,10,0.59
9,AUTOMOTIVE,1688,13.898992890995261,8.207068544179746,1.5119640107710954e-05,0.00013052053793208442,0.0,0.0,0.0,False,0.2791583074831726,44,2.61
9,BABY CARE,1688,0.19994075829383887,0.5852210653779307,1.4300644250842698e-10,1.4881156239243468e-12,0.0,0.0,0.0,False,0.5314488709876095,224,13.27
9,BEAUTY,1688,5.524289099526066,4.111624487457021,0.0003063578825488742,2.5853667168005836e-08,0.0,0.0,0.0,False,0.3905063195456351,87,5.15
9,BEVERAGES,1688,2743.908471563981,1545.4293278616312,0.031124757015877885,0.00011244243425794509,0.0,0.0,0.0,False,0.6590290102594476,27,1.6
9,BOOKS,1688,0.0,0.0,,,,,,True,0.0,0,0.0
9,BREAD/BAKERY,1688,567.3957345971564,154.03761241945696,1.0009035032567772e-09,1.6298147357041016e-08,0.0,0.0,0.0,False,0.7231473862413645,76,4.5
9,CELEBRATION,1688,9.665876777251185,12.792471817902799,0.016846563574499252,0.0004507343184435528,0.0,0.0,0.0,False,0.23578471085042885,42,2.49
9,CLEANING,1688,1723.5998222748815,576.1646929193873,8.050167421859486e-08,1.2383268551381933e-10,0.0,0.0,0.0,False,0.5957045155209246,28,1.66
9,DAIRY,1688,746.4200236966825,329.1097831719526,0.07527926470790883,0.007273447666625403,1.0,0.0,,True,0.7344640637166754,38,2.25
9,DELI,1688,584.851136007109,179.8267640834642,0.0024906073750364036,0.002279344375794799,0.0,0.0,0.0,False,0.6346049877870534,29,1.72
9,EGGS,1688,192.7852488151659,88.60187289596698,0.0013158348581738082,0.0029467464158858775,0.0,0.0,0.0,False,0.5504612281682203,38,2.25
9,FROZEN FOODS,1688,126.62311358127964,222.3583450829218,4.5253276170124986e-11,6.178271000821684e-10,0.0,0.0,0.0,False,0.10877187226416496,90,5.33
9,GROCERY I,1688,6152.508847452607,2374.1857871669886,6.554683535690279e-08,1.1226890850753895e-14,0.0,0.0,0.0,False,0.4861477536075268,38,2.25
9,GROCERY II,1688,11.57345971563981,15.768805936439545,6.5474492586617e-20,1.9533729384592586e-17,0.0,0.0,0.0,False,0.06761331334784804,78,4.62
9,HARDWARE,1688,1.8868483412322274,1.7883552783951224,9.040020582997249e-21,7.377633336787315e-19,0.0,0.0,0.0,False,0.22168135966621982,42,2.49
9,HOME AND KITCHEN I,1688,33.377369668246445,45.88876085884474,0.004032046323822456,2.0726237628625776e-06,0.0,0.0,0.0,False,0.12258322905492325,41,2.43
9,HOME AND KITCHEN II,1688,19.645734597156398,18.43808668163832,0.1550838088754709,0.00011870934496043788,1.0,0.0,,True,0.42347775050805403,14,0.83
9,HOME APPLIANCES,1688,0.39484597156398105,0.7460964051998693,0.00021174809285252503,0.00011042487427863823,0.0,0.0,0.0,False,0.23438797243124487,35,2.07
9,HOME CARE,1688,289.1726895734597,255.22838536592346,0.030712797597262743,0.0001538092135257023,0.0,0.0,0.0,False,0.4615053998988258,0,0.0
9,LADIESWEAR,1688,9.485485781990521,10.66831378563845,0.017738504749863306,0.00040672060306923,0.0,0.0,0.0,False,0.45820421483742657,33,1.95
9,LAWN AND GARDEN,1688,4.2079383886255926,5.691303780588034,3.490028246851443e-05,8.566794577229258e-12,0.0,0.0,0.0,False,0.10103514419469739,36,2.13
9,LINGERIE,1688,9.059537914691942,8.054433456453038,0.00212816091622177,0.000116927649352836,0.0,0.0,0.0,False,0.19347724591126525,54,3.2
9,"LIQUOR,WINE,BEER",1688,52.005035545023695,56.08675063187496,1.4357012895635014e-11,1.1686406952268872e-10,0.0,0.0,0.0,False,0.4152911310322521,96,5.69
9,MAGAZINES,1688,1.668542654028436,2.8473096542695053,0.006482576675182569,2.385324935912229e-09,0.0,0.0,0.0,False,0.5052482917284633,158,9.36
9,MEATS,1688,376.89446924763035,95.59333181277637,1.1736121629723047e-10,8.092506263130767e-16,0.0,0.0,0.0,False,0.6039172284941507,27,1.6
9,PERSONAL CARE,1688,443.73637440758296,177.97139028422097,5.466065736802426e-05,4.947795770147501e-09,0.0,0.0,0.0,False,0.5618886183621687,35,2.07
9,PET SUPPLIES,1688,3.3880331753554502,3.9581643184522433,0.20973676663337298,0.00017594075660152083,1.0,0.0,,True,0.3161626853046243,16,0.95
9,PLAYERS AND ELECTRONICS,1688,6.875296208530806,7.508817178425995,0.008902232095790705,0.00022036166623078191,0.0,0.0,0.0,False,0.30352822095638865,20,1.18
9,POULTRY,1688,484.34232044727486,164.2690286158891,0.00017884269234311642,0.0013314134053140022,0.0,0.0,0.0,False,0.6073226038481794,29,1.72
9,PREPARED FOODS,1688,88.74448575177725,35.02649025019268,0.07188099973724747,7.829889252965461e-07,1.0,0.0,,True,0.5601342371835795,23,1.36
9,PRODUCE,1688,971.4249338092417,882.525763083447,0.040808475354700974,0.00018947349247008704,0.0,0.0,0.0,False,0.6354197650066665,0,0.0
9,SCHOOL AND OFFICE SUPPLIES,1688,6.040876777251185,22.265143631383182,0.00010720829667262139,0.00015012516259571416,0.0,0.0,0.0,False,0.6377665933655434,153,9.06
9,SEAFOOD,1688,16.869276782168246,9.37339537998854,8.199384487400305e-05,0.0006252107921509057,0.0,0.0,0.0,False,0.5265977551057972,30,1.78
10,AUTOMOTIVE,1688,3.0906398104265405,2.6622937493275973,1.3738113520170667e-11,2.635538545720085e-10,0.0,0.0,0.0,False,0.21055173630562474,66,3.91
10,BABY CARE,1688,0.27636255924170616,1.1544421733215642,2.641641420950389e-08,3.9542538812683946e-07,0.0,0.0,0.0,False,0.9998554738499466,166,9.83
10,BEAUTY,1688,1.375,1.4073069119836277,4.472529598829856e-06,2.5638762700890035e-05,0.0,0.0,0.0,False,0.25835007428181067,25,1.48
10,BEVERAGES,1688,897.1332938388625,418.33918851835926,0.01744258360775273,2.357513810716624e-05,0.0,0.0,0.0,False,0.5946885635276042,10,0.59
10,BOOKS,1688,0.0,0.0,,,,,,True,0.0,0,0.0
10,BREAD/BAKERY,1688,113.65787914691943,37.03022824553779,5.644172713256103e-08,2.548189346053951e-07,0.0,0.0,0.0,False,0.5716157194247604,31,1.84
10,CELEBRATION,1688,2.6279620853080567,3.816699663145696,0.00025858704726269957,1.7987188699248758e-05,0.0,0.0,0.0,False,0.3301970303027687,60,3.55
10,CLEANING,1688,778.881220379147,330.6095589350212,6.216822312941216e-13,1.8650826563458518e-11,0.0,0.0,0.0,False,0.17473705000939632,35,2.07
10,DAIRY,1688,251.30627962085308,116.37269364155765,0.10315792200763596,0.09862271033586628,1.0,1.0,1.0,False,0.6530752266445402,10,0.59
10,DELI,1688,249.35693127962085,75.888187564327,0.0006897992822679161,6.534727355816917e-05,0.0,0.0,0.0,False,0.47761426197908474,25,1.48
10,EGGS,1688,48.90313981042654,30.942241289282073,0.00033575210723874467,0.0025873225868716806,0.0,0.0,0.0,False,0.3383599782734812,59,3.5
10,FROZEN FOODS,1688,44.11205627488151,78.15302606854725,2.7777991171094944e-10,3.058805940744138e-09,0.0,0.0,0.0,False,0.2282449990712786,94,5.57
10,GROCERY I,1688,2453.8851960900474,688.2925519953833,8.77079551813725e-08,1.7515334636509246e-10,0.0,0.0,0.0,False,0.5730027041339476,27,1.6
10,GROCERY II,1688,3.7550355450236967,5.000442019458164,3.0035357138464595e-13,1.0028910053448292e-11,0.0,0.0,0.0,False,0.303838154275315,107,6.34
10,HARDWARE,1688,0.6830568720379147,0.9984978125998164,0.002941842401448436,0.006160742946435697,0.0,0.0,0.0,False,0.2269449353847367,95,5.63
10,HOME AND KITCHEN I,1688,7.443720379146919,8.651956117364351,0.00028426867416829336,1.5867005936684008e-05,0.0,0.0,0.0,False,0.24288047577729444,51,3.02
10,HOME AND KITCHEN II,1688,5.411137440758294,5.587301983915206,0.05536520532615623,0.0032466373507484205,1.0,0.0,,True,0.2690320713254609,18,1.07
10,HOME APPLIANCES,1688,0.18039099526066352,0.4471611978870133,1.2788717485344225e-28,0.0,0.0,0.0,0.0,False,0.2649878071799594,267,15.82
10,HOME CARE,1688,119.9425355450237,104.95278365364872,0.0019843186322578356,3.5153442808448614e-05,0.0,0.0,0.0,False,0.4194830017822886,0,0.0
10,LADIESWEAR,1688,3.254739336492891,4.934722797113906,0.0004158371159788744,0.00020112092067643393,0.0,0.0,0.0,False,0.4119128074195807,108,6.4
10,LAWN AND GARDEN,1688,0.015402843601895734,0.21721894481370968,0.0,0.0,0.0,0.0,0.0,False,1.0,14,0.83
10,LINGERIE,1688,3.2420023696682465,4.086490243300419,2.0070997417352967e-07,2.0238580380840475e-07,0.0,0.0,0.0,False,0.1663512963638173,121,7.17
10,"LIQUOR,WINE,BEER",1688,12.343601895734597,17.557167374056576,4.5089656392250006e-12,1.3114796259654056e-10,0.0,0.0,0.0,False,0.22721557898243816,112,6.64
10,MAGAZINES,1688,0.2476303317535545,0.6332472560783609,0.009745501722887554,2.019833849285302e-10,0.0,0.0,0.0,False,0.4406377007462281,297,17.59
10,MEATS,1688,186.84815687440758,54.13350055707893,0.085405156070752,0.002380243720207628,1.0,0.0,,True,0.4774229817296546,34,2.01
10,PERSONAL CARE,1688,178.90462085308056,59.58800032742788,3.605537262589944e-07,3.727832330050263e-08,0.0,0.0,0.0,False,0.5270807738848576,32,1.9
10,PET SUPPLIES,1688,0.33264218009478674,0.7490248218084017,0.05740673726607343,0.0003691113057702761,1.0,0.0,,True,0.5288270774952597,370,21.92
10,PLAYERS AND ELECTRONICS,1688,2.335011848341232,2.8622081004518614,0.008626948277764643,4.324639760978082e-06,0.0,0.0,0.0,False,0.24951398038386707,27,1.6
10,POULTRY,1688,175.517997992891,70.99941916526826,0.024061511114261774,0.08223291037940755,0.0,1.0,,True,0.4952093404055077,41,2.43
10,PREPARED FOODS,1688,20.832938388625593,12.565380612544553,0.40114264170756964,0.15752035522090302,1.0,1.0,1.0,False,0.4392242484492498,34,2.01
10,PRODUCE,1688,149.47512765402843,133.62069494218832,0.012848518706480185,0.00010079906326024345,0.0,0.0,0.0,False,0.43562934905766737,2,0.12
10,SCHOOL AND OFFICE SUPPLIES,1688,0.5082938388625592,3.0284057174105268,3.942810286400298e-08,3.924509364976121e-07,0.0,0.0,0.0,False,0.9999999999999997,92,5.45
10,SEAFOOD,1688,2.875,2.916860721238051,0.00012799471969011572,0.0007058965101104989,0.0,0.0,0.0,False,0.2636342132274998,42,2.49
11,AUTOMOTIVE,1688,6.69164691943128,4.237835355605909,5.806937016393344e-07,7.0935613583276e-07,0.0,0.0,0.0,False,0.2360116906344083,52,3.08
11,BABY CARE,1688,0.18898104265402843,0.5744588687925526,0.00013342309984688033,4.335860067126518e-09,0.0,0.0,0.0,False,0.5511460610368539,220,13.03
11,BEAUTY,1688,4.761552132701421,3.5418804122137475,0.015286501219022728,0.0015313290466269856,0.0,0.0,0.0,False,0.36033436369752936,28,1.66
11,BEVERAGES,1688,3649.2354857819905,1286.139112469499,0.10781991641766586,6.707321647767224e-05,1.0,0.0,,True,0.5387665961465392,13,0.77
11,BOOKS,1688,0.0,0.0,,,,,,True,0.0,0,0.0
11,BREAD/BAKERY,1688,606.1327014218009,130.99093344300144,0.00017608985863469266,1.8517056692896905e-06,0.0,0.0,0.0,False,0.5499059245676148,66,3.91
11,CELEBRATION,1688,10.148696682464456,11.364356270359401,0.0011400288820836938,5.824672925868065e-05,0.0,0.0,0.0,False,0.35910895558899125,23,1.36
11,CLEANING,1688,1945.5299170616113,568.3334762902783,4.056197670818303e-10,3.6980981909890004e-13,0.0,0.0,0.0,False,0.39019074117782415,45,2.67
11,DAIRY,1688,513.2396327014218,231.6512128636599,0.2340869003099973,0.07348922108733384,1.0,1.0,1.0,False,0.6678714586101265,34,2.01
11,DELI,1688,430.56941611374407,140.83344194027686,0.04850670943752033,2.399976597978e-07,0.0,0.0,0.0,False,0.5121468176971429,30,1.78
11,EGGS,1688,157.66824644549763,129.16612252011643,0.024128593679610184,0.060165055530851407,0.0,1.0,,True,0.2366381646175958,76,4.5
11,FROZEN FOODS,1688,103.11868420734598,114.05535102384381,4.2735884943779016e-10,2.1708986895749857e-09,0.0,0.0,0.0,False,0.25256663734777673,74,4.38
11,GROCERY I,1688,6563.661203495261,2077.3761455935455,1.980400640571745e-06,1.461259801546116e-12,0.0,0.0,0.0,False,0.3602745277596253,53,3.14
11,GROCERY II,1688,17.569312796208532,13.690853613820808,1.0620606073530516e-09,1.2928926586596466e-09,0.0,0.0,0.0,False,0.24562059124239688,87,5.15
11,HARDWARE,1688,0.7304502369668247,1.0866040096337612,0.0,0.0,0.0,0.0,0.0,False,0.1332800600663958,109,6.46
11,HOME AND KITCHEN I,1688,23.60515402843602,25.61256158031379,0.002466126984434791,1.8257157387062416e-05,0.0,0.0,0.0,False,0.21668130181994105,37,2.19
11,HOME AND KITCHEN II,1688,13.927725118483412,13.699300179523295,0.013570488016166149,0.00017539546485818326,0.0,0.0,0.0,False,0.24084378564808573,18,1.07
11,HOME APPLIANCES,1688,0.40610189573459715,0.7089349110081945,7.824162533662665e-12,1.9358950392551413e-17,0.0,0.0,0.0,False,0.19613320416715574,29,1.72
11,HOME CARE,1688,329.8344194312796,289.350887269048,0.018118281202443427,5.542394989637258e-05,0.0,0.0,0.0,False,0.27389880323951654,0,0.0
11,LADIESWEAR,1688,7.874703791469194,9.137598280869993,0.0025191805505912815,1.1204205662117163e-05,0.0,0.0,0.0,False,0.2561927777564075,32,1.9
11,LAWN AND GARDEN,1688,1.639218009478673,3.096050198768954,2.390206138589706e-12,0.0,0.0,0.0,0.0,False,0.09396217064577228,89,5.27
11,LINGERIE,1688,10.997926540284361,6.912688724928956,0.005968657294424737,0.003273748942725799,0.0,0.0,0.0,False,0.2608628886926445,41,2.43
11,"LIQUOR,WINE,BEER",1688,44.73726303317535,61.70199249604303,8.330554866264018e-10,2.0423465816641833e-09,0.0,0.0,0.0,False,0.24136667414064272,90,5.33
11,MAGAZINES,1688,1.478080568720379,2.478082822671222,0.02743565741649945,1.4683797474267722e-06,0.0,0.0,0.0,False,0.5258240356633064,123,7.29
11,MEATS,1688,620.4585288951422,152.70766967992188,4.129127964023696e-14,1.8278985732116576e-12,0.0,0.0,0.0,False,0.4786645973946002,46,2.73
11,PERSONAL CARE,1688,392.3421208530806,158.4451060002054,6.875783403974821e-05,9.906428447681795e-15,0.0,0.0,0.0,False,0.43576813268008663,54,3.2
11,PET SUPPLIES,1688,1.0118483412322274,1.518559950467096,0.16193911815023349,3.2807032838647984e-15,1.0,0.0,,True,0.23010892280382145,28,1.66
11,PLAYERS AND ELECTRONICS,1688,7.799763033175355,8.78117091277781,0.07186675972749228,4.971044186432499e-06,1.0,0.0,,True,0.2380054021424105,23,1.36
11,POULTRY,1688,512.5583342950237,226.6933599670066,0.0014371437648796601,0.005379377826843348,0.0,0.0,0.0,False,0.41012370353848304,36,2.13
11,PREPARED FOODS,1688,54.88751747274881,34.505028348118884,0.6624485320012504,0.01799813095231964,1.0,0.0,,True,0.29445087337300124,6,0.36
11,PRODUCE,1688,791.0365989336492,752.0640377417327,0.053939829492360473,8.0811722152453e-05,1.0,0.0,,True,0.4126467642142475,1,0.06
11,SCHOOL AND OFFICE SUPPLIES,1688,3.9549763033175354,10.20492687008879,2.3421501216593643e-07,4.51917891112851e-07,0.0,0.0,0.0,False,0.27758698364941403,128,7.58
11,SEAFOOD,1688,8.317239336492891,6.1847120315855,0.0020044789850235875,0.0018735340977742729,0.0,0.0,0.0,False,0.3733860040604834,32,1.9
12,AUTOMOTIVE,1688,4.758293838862559,3.3280332787695297,0.0003771824290257278,2.3008357489564336e-05,0.0,0.0,0.0,False,0.31706929828901553,21,1.24
12,BABY CARE,1688,0.1063388625592417,0.41329575518157236,0.010801994167599261,0.006316891622210183,0.0,0.0,0.0,False,1.0,133,7.88
12,BEAUTY,1688,0.9662322274881516,1.1796474102156405,1.8409763380281426e-18,3.2225031825970505e-16,0.0,0.0,0.0,False,0.19783314556854148,159,9.42
12,BEVERAGES,1688,1297.7831753554503,616.6153208024904,0.03579194825250256,0.0029441842108847787,0.0,0.0,0.0,False,0.42200320241063394,5,0.3
12,BOOKS,1688,0.0,0.0,,,,,,True,0.0,0,0.0
12,BREAD/BAKERY,1688,186.41943127962085,76.14200707654321,9.122046354177083e-05,0.0002375292922835415,0.0,0.0,0.0,False,0.33217952747838775,130,7.7
12,CELEBRATION,1688,6.14010663507109,8.343830705154604,0.054524690562597115,0.00018939150013929523,1.0,0.0,,True,0.16146317154272982,25,1.48
12,CLEANING,1688,772.4748222748815,299.4147731659376,1.4937773362201164e-05,3.4306661535164836e-05,0.0,0.0,0.0,False,0.17927728094059836,111,6.58
12,DAIRY,1688,335.54324644549763,154.40473751030135,0.07393090525514702,0.01883606767693604,1.0,0.0,,True,0.5160057063903684,7,0.41
12,DELI,1688,196.71534360189574,72.70127905783608,0.006146951148667235,0.0005957193214353274,0.0,0.0,0.0,False,0.3240441321080558,76,4.5
12,EGGS,1688,75.06872037914692,54.16792058854385,0.060454388653932364,0.19808343303686943,1.0,1.0,1.0,False,0.25652943089987656,79,4.68
12,FROZEN FOODS,1688,48.15049618838862,56.532746888857524,7.12138557579192e-08,2.464595039909423e-07,0.0,0.0,0.0,False,0.12705036859758423,79,4.68
12,GROCERY I,1688,2502.45221771327,832.65435370584,0.0005474007681196006,0.00028976067911603914,0.0,0.0,0.0,False,0.2678369114394168,101,5.98
12,GROCERY II,1688,6.376184834123222,6.784541803752068,1.4881496359116602e-07,1.990195960077446e-06,0.0,0.0,0.0,False,0.2407018924427411,76,4.5
12,HARDWARE,1688,0.9789691943127962,1.399573016096255,3.2075459349871857e-12,8.676494178521264e-11,0.0,0.0,0.0,False,0.1417447463861139,188,11.14
12,HOME AND KITCHEN I,1688,10.348045023696683,12.122272083542924,0.00529646235281098,4.2561664376739565e-05,0.0,0.0,0.0,False,0.23362602207083716,36,2.13
12,HOME AND KITCHEN II,1688,8.372630331753555,8.270046346938686,0.21351007461137506,9.614801647645154e-05,1.0,0.0,,True,0.25088402349779004,8,0.47
12,HOME APPLIANCES,1688,0.22126777251184834,0.5292883048419422,2.1818563075200014e-06,1.2277581530561444e-05,0.0,0.0,0.0,False,0.25860422535394434,299,17.71
12,HOME CARE,1688,112.77428909952607,98.79280079601386,0.009345532276232079,0.00012032408102363143,0.0,0.0,0.0,False,0.23109750337939183,2,0.12
12,LADIESWEAR,1688,1.2938388625592416,3.4488605305521025,0.0037520327223366555,0.015445837526895012,0.0,0.0,0.0,False,1.0,298,17.65
12,LAWN AND GARDEN,1688,0.009478672985781991,0.1945437433301209,0.0,0.0,0.0,0.0,0.0,False,1.0,5,0.3
12,LINGERIE,1688,6.4677132701421804,5.393001368995616,0.000702624098005956,3.433022264618061e-05,0.0,0.0,0.0,False,0.23077991804139408,59,3.5
12,"LIQUOR,WINE,BEER",1688,38.65521327014218,41.627364595649674,5.906564780084889e-10,1.0056260580440321e-08,0.0,0.0,0.0,False,0.5167539365997724,91,5.39
12,MAGAZINES,1688,0.7491113744075829,1.4713221187611052,0.03243258278481721,0.00016965727678326797,0.0,0.0,0.0,False,0.4659706256645114,167,9.89
12,MEATS,1688,146.53747527813982,284.44767590806975,0.0,0.0,0.0,0.0,0.0,False,0.9820133335678406,102,6.04
12,PERSONAL CARE,1688,155.83086492890996,71.85243663803121,0.0005001777042510023,1.8428486507230603e-05,0.0,0.0,0.0,False,0.2990998911873445,41,2.43
12,PET SUPPLIES,1688,0.5192535545023697,0.9529924353264162,0.2074790344248464,0.0003445530212172071,1.0,0.0,,True,0.38040654303391774,71,4.21
12,PLAYERS AND ELECTRONICS,1688,2.9552725118483414,3.647385652110972,0.00558099294629359,2.465188000313628e-07,0.0,0.0,0.0,False,0.19968660276787042,26,1.54
12,POULTRY,1688,178.42859040106634,103.80129066126229,0.016174580779094474,0.07856462493132531,0.0,1.0,,True,0.2715926021507825,17,1.01
12,PREPARED FOODS,1688,33.25414691943128,21.59008739499476,0.3195960109114947,0.21349196686370198,1.0,1.0,1.0,False,0.48226088240327847,28,1.66
12,PRODUCE,1688,203.48641367890994,172.98899403468135,0.03988759522031936,4.432799822176323e-05,0.0,0.0,0.0,False,0.30704634749360293,0,0.0
12,SCHOOL AND OFFICE SUPPLIES,1688,0.5438388625592417,2.978758620447768,2.567973725432904e-10,3.861301859870731e-09,0.0,0.0,0.0,False,0.975054747544973,205,12.14
12,SEAFOOD,1688,2.718898104265403,2.894598443389513,0.0738868425052734,0.038762834716164284,1.0,0.0,,True,0.22562268915288075,38,2.25
13,AUTOMOTIVE,1688,5.534656398104265,3.526949561206895,5.776570947754238e-07,3.7872093274202276e-07,0.0,0.0,0.0,False,0.3212239209333536,53,3.14
13,BABY CARE,1688,0.0,0.0,,,,,,True,0.0,0,0.0
13,BEAUTY,1688,1.28228672985782,1.4641012248796128,0.013311397853512688,0.018801944746215507,0.0,0.0,0.0,False,0.2553696300026499,24,1.42
13,BEVERAGES,1688,1292.6110781990521,573.278333251588,0.011743132947022917,0.00015892200146755585,0.0,0.0,0.0,False,0.4475331015998312,12,0.71
13,BOOKS,1688,0.0,0.0,,,,,,True,0.0,0,0.0
13,BREAD/BAKERY,1688,164.50651658767774,101.64507833245129,0.002031081290184371,0.0029656001102023573,0.0,0.0,0.0,False,0.1070125177535376,61,3.61
13,CELEBRATION,1688,4.113151658767772,6.840501790801297,0.0005843718683442261,6.449669239479112e-05,0.0,0.0,0.0,False,0.08955299342922585,56,3.32
13,CLEANING,1688,780.4179502369668,377.5605965694327,1.067963760274091e-06,6.026213861058081e-06,0.0,0.0,0.0,False,0.2302268936587103,76,4.5
13,DAIRY,1688,269.9721563981043,116.52757811768998,0.09488707540782654,0.23924501039100676,1.0,1.0,1.0,False,0.6548663014680229,23,1.36
13,DELI,1688,158.67417061611374,58.771930129067115,0.07932492344696557,0.1066405464863815,1.0,1.0,1.0,False,0.5023964414393722,46,2.73
13,EGGS,1688,52.26125592417062,40.99921049840178,0.0007545621126307871,0.003021397455817657,0.0,0.0,0.0,False,0.31026153334252227,87,5.15
13,FROZEN FOODS,1688,33.66324675918247,69.82457405683122,2.11812573163157e-17,8.175504475824611e-16,0.0,0.0,0.0,False,0.028395937439709362,75,4.44
13,GROCERY I,1688,2716.376945793839,908.1668430755836,0.00067560882695124,0.00042889755326787804,0.0,0.0,0.0,False,0.49113357870621455,61,3.61
13,GROCERY II,1688,7.349229857819905,7.945329608998138,2.399190899943397e-06,2.363785463674607e-05,0.0,0.0,0.0,False,0.2971081136714816,92,5.45
13,HARDWARE,1688,0.5358412322274881,1.7457852718595588,0.0,0.0,0.0,0.0,0.0,False,0.12518541646235803,59,3.5
13,HOME AND KITCHEN I,1688,10.725414691943127,16.13673383445155,3.054356129549515e-07,1.9588769699758755e-12,0.0,0.0,0.0,False,0.14165256616876565,61,3.61
13,HOME AND KITCHEN II,1688,8.085900473933648,10.411681359522799,0.00428104609836769,0.0006833989259868478,0.0,0.0,0.0,False,0.291533489031475,37,2.19
13,HOME APPLIANCES,1688,0.15462085308056872,0.42634351772634493,3.388555660049785e-07,0.0,0.0,0.0,0.0,False,0.3912828983582246,226,13.39
13,HOME CARE,1688,107.09686018957346,94.3513402556495,0.0037726328148281084,0.0001253222986775424,0.0,0.0,0.0,False,0.3860580769490949,0,0.0
13,LADIESWEAR,1688,2.716528436018957,3.9274397464310655,6.235798879542322e-06,1.4195942672813898e-05,0.0,0.0,0.0,False,0.22585206654661716,87,5.15
13,LAWN AND GARDEN,1688,0.012440758293838863,0.2293501864994235,0.0,0.0,0.0,0.0,0.0,False,1.0,9,0.53
13,LINGERIE,1688,3.0675355450236967,3.0889597226683803,0.0015731029130090866,0.001332336846772462,0.0,0.0,0.0,False,0.21941359263427007,36,2.13
13,"LIQUOR,WINE,BEER",1688,32.47541469194313,34.92558971102058,1.557330218622622e-08,3.0412188942224263e-09,0.0,0.0,0.0,False,0.42920824888145603,86,5.09
13,MAGAZINES,1688,0.4606042654028436,1.0191207502188098,0.03644726830245653,1.4725323374397088e-05,0.0,0.0,0.0,False,0.5137106468631557,71,4.21
13,MEATS,1688,153.19172404620852,47.36076229972924,9.326336113630102e-05,0.00041567336019135887,0.0,0.0,0.0,False,0.6084018821375294,26,1.54
13,PERSONAL CARE,1688,180.25651658767774,74.24000406058016,0.0014869342562618825,4.5420102941787434e-05,0.0,0.0,0.0,False,0.4880872121278683,44,2.61
13,PET SUPPLIES,1688,0.2408175355450237,0.5905588322274439,0.00988075554186842,0.0001580345916926284,0.0,0.0,0.0,False,0.5341960929711929,302,17.89
13,PLAYERS AND ELECTRONICS,1688,2.3901066350710902,3.5287257785099118,0.009760842226321299,1.314542259704301e-09,0.0,0.0,0.0,False,0.16510802880578213,19,1.13
13,POULTRY,1688,118.8434692014218,59.55582998513071,0.024208994817295,0.13286313340950895,0.0,1.0,,True,0.7283064687416377,85,5.04
13,PREPARED FOODS,1688,27.575236966824644,16.94226300058641,0.4170096744226304,0.7562754141633393,1.0,1.0,1.0,False,0.3874244950615623,49,2.9
13,PRODUCE,1688,118.82414556872038,103.4456522616538,0.02753741412030059,0.00031973809463074,0.0,0.0,0.0,False,0.33802382497227523,1,0.06
13,SCHOOL AND OFFICE SUPPLIES,1688,0.4203199052132701,2.461684213804661,7.543969288961885e-12,1.5085405840759845e-10,0.0,0.0,0.0,False,0.9999999696132271,156,9.24
13,SEAFOOD,1688,2.0210308056872037,2.4211334168460046,0.0009228133676439304,0.005837206033581228,0.0,0.0,0.0,False,0.3495876560099369,65,3.85
14,AUTOMOTIVE,1688,3.6279620853080567,3.3097241533539146,1.3453506305359134e-05,8.163246470113483e-14,0.0,0.0,0.0,False,0.2603018704736635,52,3.08
14,BABY CARE,1688,0.006516587677725118,0.11658120838249347,1.4673919096774174e-16,9.25283425355701e-15,0.0,0.0,0.0,False,1.0,8,0.47
14,BEAUTY,1688,1.2683649289099526,1.5633113304989081,0.0003722151647550164,0.0009312429974348955,0.0,0.0,0.0,False,0.3195376666758928,42,2.49
14,BEVERAGES,1688,964.1401066350711,515.7835747461697,0.024321644343021743,2.066474982404145e-05,0.0,0.0,0.0,False,0.48434631095880865,3,0.18
14,BOOKS,1688,0.0,0.0,,,,,,True,0.0,0,0.0
14,BREAD/BAKERY,1688,191.66913507109004,59.717500639215196,3.554427116940394e-06,1.7363146101597325e-05,0.0,0.0,0.0,False,0.4553248281664114,65,3.85
14,CELEBRATION,1688,4.68957345971564,6.165055186229374,0.023629753975871942,0.00044753455646504177,0.0,0.0,0.0,False,0.2295348214940206,65,3.85
14,CLEANING,1688,1092.9392772511849,506.7799615966918,4.535744385030371e-05,3.261001693078113e-05,0.0,0.0,0.0,False,0.4160078736100885,112,6.64
14,DAIRY,1688,352.0820497630332,157.5446481932591,0.047782308511609015,0.009444937875157867,0.0,0.0,0.0,False,0.6017398868675853,6,0.36
14,DELI,1688,220.63625592417063,94.71256601276126,0.15834447173136956,0.05905440102375421,1.0,1.0,1.0,False,0.43795964971440815,2,0.12
14,EGGS,1688,37.62648104265403,19.00908038558799,2.643668573547328e-06,2.7147163988926753e-05,0.0,0.0,0.0,False,0.30053289453613996,67,3.97
14,FROZEN FOODS,1688,62.417877484597156,151.62158465451887,2.1664452848571523e-15,8.006554027314743e-14,0.0,0.0,0.0,False,0.0622731224611236,108,6.4
14,GROCERY I,1688,2654.6897710308053,865.7488840197287,1.2658787423184006e-05,1.9033195284883583e-06,0.0,0.0,0.0,False,0.5331418312528137,96,5.69
14,GROCERY II,1688,6.127369668246446,6.81424792768742,4.0853070700647637e-10,8.212178543207855e-09,0.0,0.0,0.0,False,0.2945444525265214,84,4.98
14,HARDWARE,1688,0.33915876777251186,0.7198109502227671,1.2504384217072591e-17,1.0161369511810882e-17,0.0,0.0,0.0,False,0.2453869684107669,411,24.35
14,HOME AND KITCHEN I,1688,12.235189573459715,19.913001798522018,7.502604018738813e-07,4.523939653757179e-16,0.0,0.0,0.0,False,0.07802352969652893,55,3.26
14,HOME AND KITCHEN II,1688,12.410248815165877,11.197376500028971,0.3283533156496693,0.010075507234870867,1.0,0.0,,True,0.3159651702547327,4,0.24
14,HOME APPLIANCES,1688,0.19342417061611375,0.4664798419782406,2.312568852125075e-09,2.7751632367846668e-09,0.0,0.0,0.0,False,0.3950432183829041,282,16.71
14,HOME CARE,1688,153.98104265402844,136.6361670345298,0.003992397292619025,3.0880766374937146e-05,0.0,0.0,0.0,False,0.5182295942445609,0,0.0
14,LADIESWEAR,1688,0.9591232227488151,4.26244678323923,5.348812124038471e-07,5.071186005634723e-06,0.0,0.0,0.0,False,1.0,161,9.54
14,LAWN AND GARDEN,1688,0.0,0.0,,,,,,True,0.0,0,0.0
14,LINGERIE,1688,4.749407582938389,4.398765751310694,0.004716753929309553,0.008170735468998776,0.0,0.0,0.0,False,0.21780926192380234,58,3.44
14,"LIQUOR,WINE,BEER",1688,25.408767772511847,27.53696605022627,1.5626602383587675e-11,4.0199790317407783e-10,0.0,0.0,0.0,False,0.3451222627619599,85,5.04
14,MAGAZINES,1688,0.8018364928909952,1.3505282961285072,0.13477412316125414,7.1517787921764226e-06,1.0,0.0,,True,0.5202902483154457,187,11.08
14,MEATS,1688,300.8917998969194,127.95696435242668,0.0007084877396035458,0.00040582765211380603,0.0,0.0,0.0,False,0.6933267612052794,10,0.59
14,PERSONAL CARE,1688,274.9955568720379,109.59352261685522,2.4751937148732582e-05,1.1166886509216817e-05,0.0,0.0,0.0,False,0.5320668953361144,71,4.21
14,PET SUPPLIES,1688,0.44135071090047395,0.8249925797223904,0.06588409534038274,9.516474910991581e-05,1.0,0.0,,True,0.4206191603525573,56,3.32
14,PLAYERS AND ELECTRONICS,1688,2.999407582938389,3.535156600747651,0.08911768997214031,0.00017424241207802078,1.0,0.0,,True,0.24278237668974756,27,1.6
14,POULTRY,1688,95.09184643542653,57.46396300050608,0.006519905563777467,0.029452986992922123,0.0,0.0,0.0,False,0.6818410039547194,98,5.81
14,PREPARED FOODS,1688,60.66765402843602,31.24360803778436,0.5437196825796082,0.003710158192090231,1.0,0.0,,True,0.4186089417522987,1,0.06
14,PRODUCE,1688,229.17451691943128,200.91631710818558,0.013495084319825322,1.1470902893514749e-05,0.0,0.0,0.0,False,0.32927825891979046,2,0.12
14,SCHOOL AND OFFICE SUPPLIES,1688,0.3311611374407583,1.7332278538106363,3.507021440466648e-11,3.393991662301689e-10,0.0,0.0,0.0,False,0.9999735398572935,157,9.3
14,SEAFOOD,1688,4.3024289099526065,4.113343766595109,0.014696539222161218,0.06233335188038506,0.0,1.0,,True,0.3382508636947862,54,3.2
15,AUTOMOTIVE,1688,2.684834123222749,2.240680065698694,2.6535504409623276e-09,2.5665175174114908e-11,0.0,0.0,0.0,False,0.2516657560043797,25,1.48
15,BABY CARE,1688,0.9392772511848341,3.3139451287980486,2.7252268284544515e-12,8.009119216619833e-13,0.0,0.0,0.0,False,0.8527017171136605,215,12.74
15,BEAUTY,1688,1.929798578199052,1.7812218040724892,0.0004639879981256667,0.0029464861547639685,0.0,0.0,0.0,False,0.25977806301704864,30,1.78
15,BEVERAGES,1688,1237.2662914691944,529.0924287808638,0.17428382500337136,0.003093408436117704,1.0,0.0,,True,0.24405601855319814,1,0.06
15,BOOKS,1688,0.0,0.0,,,,,,True,0.0,0,0.0
15,BREAD/BAKERY,1688,152.76392180094786,40.413564286350905,1.5891386641376258e-05,0.00012369679959460335,0.0,0.0,0.0,False,0.38818619416291134,37,2.19
15,CELEBRATION,1688,3.0216232227488153,4.4417097238692005,0.008838596702025006,0.00520909980871094,0.0,0.0,0.0,False,0.1966798527952336,73,4.32
15,CLEANING,1688,873.1199644549763,276.0371007782196,3.456832202733522e-07,3.047244999613665e-09,0.0,0.0,0.0,False,0.16036510972895823,46,2.73
15,DAIRY,1688,302.65699052132703,109.72298983183038,0.1630668808024593,0.2665878140277096,1.0,1.0,1.0,False,0.46114143799812835,24,1.42
15,DELI,1688,271.1664691943128,69.44735150312142,0.03749500692121299,0.13084904125197738,0.0,1.0,,True,0.35851079280034337,35,2.07
15,EGGS,1688,78.60426540284361,43.68754683253424,0.0941569636897589,0.02547447246177368,1.0,0.0,,True,0.3119581293232724,42,2.49
15,FROZEN FOODS,1688,64.4941090035545,63.488841144528436,4.028760336048426e-08,2.7261478071150392e-08,0.0,0.0,0.0,False,0.20468974095944314,54,3.2
15,GROCERY I,1688,2720.6578045023693,691.8614555712185,5.30612961604593e-06,3.720976703585135e-08,0.0,0.0,0.0,False,0.21598299009411193,52,3.08
15,GROCERY II,1688,9.765402843601896,9.315760957039084,4.733487036864006e-13,2.216138971953829e-12,0.0,0.0,0.0,False,0.17085522364343253,89,5.27
15,HARDWARE,1688,0.917654028436019,1.1949939817634494,0.0,0.0,0.0,0.0,0.0,False,0.1613570232109246,144,8.53
15,HOME AND KITCHEN I,1688,29.49940758293839,87.41680268385839,7.658736630876887e-05,0.0005937213508230127,0.0,0.0,0.0,False,0.1296025009808326,152,9.0
15,HOME AND KITCHEN II,1688,10.449940758293838,10.251187852985607,0.10388348060929453,1.2064948570538035e-12,1.0,0.0,,True,0.14206398467506431,5,0.3
15,HOME APPLIANCES,1688,0.11581753554502369,0.3616202685324541,1.2156485393405833e-20,2.868408362873163e-19,0.0,0.0,0.0,False,0.3555034954930568,173,10.25
15,HOME CARE,1688,147.03465639810426,121.96712905778801,0.00543762412256703,3.1668241839541464e-05,0.0,0.0,0.0,False,0.2530092079758741,0,0.0
15,LADIESWEAR,1688,5.623518957345971,6.548188810859346,0.004549246472748943,0.00018961646282632453,0.0,0.0,0.0,False,0.2663001508258839,18,1.07
15,LAWN AND GARDEN,1688,0.008886255924170616,0.22951548946820846,0.0,0.0,0.0,0.0,0.0,False,0.9999999999991259,3,0.18
15,LINGERIE,1688,4.713862559241706,3.7271171516429398,1.7225831847869615e-08,2.7025504725548675e-07,0.0,0.0,0.0,False,0.22250934033766823,31,1.84
15,"LIQUOR,WINE,BEER",1688,24.87973933649289,24.824518530355515,1.598852094998138e-11,4.140506427368289e-10,0.0,0.0,0.0,False,0.43400767114997685,87,5.15
15,MAGAZINES,1688,0.7497037914691943,1.362226430804474,0.20664473437153824,0.0002455016430171161,1.0,0.0,,True,0.5193384409864257,174,10.31
15,MEATS,1688,125.71639843127963,29.78401769418545,1.6352345959580067e-05,3.4491617650940566e-07,0.0,0.0,0.0,False,0.42240181341579497,33,1.95
15,PERSONAL CARE,1688,181.46682464454977,51.63114494893039,0.00045611786283254215,1.33501050209658e-06,0.0,0.0,0.0,False,0.29365497893872894,34,2.01
15,PET SUPPLIES,1688,0.40017772511848343,0.8576618477577673,0.18641631550741317,0.020689974497164497,1.0,0.0,,True,0.40760756001213805,57,3.38
15,PLAYERS AND ELECTRONICS,1688,2.682760663507109,3.1834698586643375,0.029175257928871223,1.5818495430387443e-05,0.0,0.0,0.0,False,0.19949190425643681,14,0.83
15,POULTRY,1688,124.86396473933648,53.99997979996814,0.09092187637376542,0.31692612502110884,1.0,1.0,1.0,False,0.37519843651415075,17,1.01
15,PREPARED FOODS,1688,30.851895734597157,14.393291798778046,0.3418930662822006,0.000594651627132948,1.0,0.0,,True,0.33319177854863136,31,1.84
15,PRODUCE,1688,390.4609544609005,346.4339534361658,0.037742437333967246,0.00015097064045597726,0.0,0.0,0.0,False,0.6472184695358392,0,0.0
15,SCHOOL AND OFFICE SUPPLIES,1688,0.43009478672985785,2.6619173359216948,2.41262173653272e-09,3.495914376717783e-08,0.0,0.0,0.0,False,0.2703200757046459,97,5.75
15,SEAFOOD,1688,5.241409952606635,3.8934668916613164,0.00024786323544678394,0.0016917870016057964,0.0,0.0,0.0,False,0.26950760897130077,38,2.25
16,AUTOMOTIVE,1688,5.76095971563981,3.722303151276951,0.00015782253193546457,0.0008439550896244138,0.0,0.0,0.0,False,0.29038104107743967,34,2.01
16,BABY CARE,1688,0.09360189573459715,0.4140471384796486,2.6034454535817718e-05,8.019186171512973e-05,0.0,0.0,0.0,False,0.26466883608197456,105,6.22
16,BEAUTY,1688,0.8741113744075829,1.2109945520173797,1.7137739156507456e-08,2.238956029854705e-07,0.0,0.0,0.0,False,0.2556629763853866,178,10.55
16,BEVERAGES,1688,1085.3074644549763,575.8256976720943,0.0005980747532569708,2.2421608155504137e-05,0.0,0.0,0.0,False,0.5103770139165011,15,0.89
16,BOOKS,1688,0.0,0.0,,,,,,True,0.0,0,0.0
16,BREAD/BAKERY,1688,201.83116113744074,74.9922536245544,0.12106912234087919,0.019567365245500127,1.0,0.0,,True,0.7707751773918539,59,3.5
16,CELEBRATION,1688,3.616706161137441,4.964336885731083,0.0008754768375129373,3.8578552638254454e-06,0.0,0.0,0.0,False,0.20518170520434065,29,1.72
16,CLEANING,1688,1002.3376777251185,498.6982782672386,0.015248019404664949,0.05736421931613403,0.0,1.0,,True,0.2574960165525515,61,3.61
16,DAIRY,1688,244.79828199052133,102.69114946495522,0.19234962287468715,0.5865148168691734,1.0,1.0,1.0,False,0.7462765151711614,43,2.55
16,DELI,1688,214.03317535545023,75.19124063845014,0.11965619175213588,0.20485199532511028,1.0,1.0,1.0,False,0.7074705978708278,60,3.55
16,EGGS,1688,177.9318720379147,105.80168636534138,0.07395906798310102,0.1972794234264873,1.0,1.0,1.0,False,0.6584969106617857,67,3.97
16,FROZEN FOODS,1688,42.469318435130326,69.4777226762327,3.0570313298131794e-11,5.752417822237085e-10,0.0,0.0,0.0,False,0.11526374740099377,103,6.1
16,GROCERY I,1688,2560.040670319905,815.6701957311011,7.631187051675485e-06,1.5173141286373475e-06,0.0,0.0,0.0,False,0.5927630229870451,57,3.38
16,GROCERY II,1688,5.971563981042654,8.019135940955968,2.525986768656995e-12,3.029483937973626e-11,0.0,0.0,0.0,False,0.12425785098916631,54,3.2
16,HARDWARE,1688,0.5909360189573459,0.97137187531255,3.4532578238752687e-10,8.612044123825093e-14,0.0,0.0,0.0,False,0.178076767264308,83,4.92
16,HOME AND KITCHEN I,1688,12.606635071090047,12.912472791013448,0.00485103991964332,0.002059367707652743,0.0,0.0,0.0,False,0.2280387310947869,22,1.3
16,HOME AND KITCHEN II,1688,7.771623222748815,9.411529546932625,0.02541794824194052,0.0005032423195880495,0.0,0.0,0.0,False,0.09734723688073377,11,0.65
16,HOME APPLIANCES,1688,0.125,0.36933831155424796,2.8924670829168103e-09,1.1770666298367278e-09,0.0,0.0,0.0,False,0.3419972281114363,189,11.2
16,HOME CARE,1688,134.38181279620852,125.88589142372253,0.000627708861738165,9.844121670748409e-05,0.0,0.0,0.0,False,0.43027460946816753,9,0.53
16,LADIESWEAR,1688,0.0,0.0,,,,,,True,0.0,0,0.0
16,LAWN AND GARDEN,1688,0.015995260663507108,0.22389573315603922,4.568620663246817e-29,1.111675665365797e-22,0.0,0.0,0.0,False,1.0,11,0.65
16,LINGERIE,1688,3.9247630331753554,3.9227835181990334,0.003386735007595793,0.00014142271460120215,0.0,0.0,0.0,False,0.25164338994973645,42,2.49
16,"LIQUOR,WINE,BEER",1688,36.09478672985782,43.781157651857775,5.054837435933386e-08,6.646410133140246e-07,0.0,0.0,0.0,False,0.34563125706512465,110,6.52
16,MAGAZINES,1688,0.5832345971563981,1.0553882799790824,0.023652249489322826,4.470328577513923e-08,0.0,0.0,0.0,False,0.5224593573739408,116,6.87
16,MEATS,1688,76.36044757345971,26.72467454453698,0.15466743572442482,0.0015816366412315173,1.0,0.0,,True,0.5379932014187403,22,1.3
16,PERSONAL CARE,1688,197.1190758293839,78.31773234472266,0.0214143314390974,0.023615915354699504,0.0,0.0,0.0,False,0.5793497871760507,46,2.73
16,PET SUPPLIES,1688,0.2662914691943128,0.7557532680261992,0.14288145922518392,0.020082437735021896,1.0,0.0,,True,0.48697723633717505,272,16.11
16,PLAYERS AND ELECTRONICS,1688,1.9674170616113744,2.5816492454532383,0.0016494608511017246,5.1570975653804806e-05,0.0,0.0,0.0,False,0.2770812135043943,75,4.44
16,POULTRY,1688,94.25990212363743,34.74209681989141,0.04589697401432614,0.03541341415620933,0.0,0.0,0.0,False,0.4223500789973327,37,2.19
16,PREPARED FOODS,1688,41.77458530805687,14.291610691752734,7.538409125093648e-08,1.0208000888262754e-07,0.0,0.0,0.0,False,0.41310331792671073,42,2.49
16,PRODUCE,1688,372.8483095023697,338.99383726300147,0.00036131912518144667,1.6744365917128721e-06,0.0,0.0,0.0,False,0.6190310893213209,0,0.0
16,SCHOOL AND OFFICE SUPPLIES,1688,1.3904028436018958,7.54067117110728,0.0001245590867609302,0.0003860416638744592,0.0,0.0,0.0,False,0.25542584561820814,120,7.11
16,SEAFOOD,1688,2.774585308056872,2.895838408604091,0.007934772810803008,0.0035802056843119378,0.0,0.0,0.0,False,0.23233902195713996,83,4.92
17,AUTOMOTIVE,1688,6.114632701421801,4.656809367670708,0.025871585451696072,3.388612405571548e-06,0.0,0.0,0.0,False,0.37329375491065175,76,4.5
17,BABY CARE,1688,0.15225118483412323,0.562549580504829,0.0006040597609776724,5.550177279579326e-06,0.0,0.0,0.0,False,1.0,168,9.95
17,BEAUTY,1688,1.8293838862559242,2.0335599498163703,0.0008258578437781699,1.4018570842216025e-06,0.0,0.0,0.0,False,0.3446244059495256,34,2.01
17,BEVERAGES,1688,2403.6848341232226,1278.3373749445236,0.21795568096298146,0.007306531018261558,1.0,0.0,,True,0.6608982384841866,9,0.53
17,BOOKS,1688,0.0,0.0,,,,,,True,0.0,0,0.0
17,BREAD/BAKERY,1688,252.1759478672986,112.92243678731097,0.2810634279601468,0.015269870013891627,1.0,0.0,,True,0.7596768430134446,64,3.79
17,CELEBRATION,1688,4.664099526066351,6.742997616280109,0.0087976983522611,5.384607245626749e-05,0.0,0.0,0.0,False,0.22782958865629066,63,3.73
17,CLEANING,1688,1067.4780805687203,321.06721000844794,0.00797510612804658,9.013381769971919e-10,0.0,0.0,0.0,False,0.6177308509074279,39,2.31
17,DAIRY,1688,545.7206753554502,280.82273122261284,0.4608101978524837,0.06706520191164747,1.0,1.0,1.0,False,0.7624275528062896,38,2.25
17,DELI,1688,424.3587085308057,158.1348132993762,0.19849357242373006,0.00037137173799939625,1.0,0.0,,True,0.6499712879922221,15,0.89
17,EGGS,1688,180.69075829383885,130.1987948716427,0.27851823923343044,0.31589362364054474,1.0,1.0,1.0,False,0.7018008964628144,72,4.27
17,FROZEN FOODS,1688,96.80801574526066,95.52935570161128,7.552242140126737e-06,2.1285075826920354e-09,0.0,0.0,0.0,False,0.2634215045595212,71,4.21
17,GROCERY I,1688,3834.7400521327013,1417.9528227047049,0.027006269372746226,6.346138976251134e-08,0.0,0.0,0.0,False,0.5845998767743057,62,3.67
17,GROCERY II,1688,8.274881516587678,8.982181365590035,1.5395035092257313e-06,5.656781105661931e-09,0.0,0.0,0.0,False,0.20241317301762107,102,6.04
17,HARDWARE,1688,0.7384478672985783,1.187210728729981,0.00024213114929503738,8.910176072420434e-06,0.0,0.0,0.0,False,0.22698609105485423,127,7.52
17,HOME AND KITCHEN I,1688,17.012144549763033,17.18388813058234,0.03508145612008945,0.0003020663860640831,0.0,0.0,0.0,False,0.2978223447012537,19,1.13
17,HOME AND KITCHEN II,1688,15.715936018957345,21.28680489014253,0.05530405859636624,0.0021986846977594026,1.0,0.0,,True,0.29067515239468933,59,3.5
17,HOME APPLIANCES,1688,0.17535545023696683,0.4885134575220188,1.1408342498765085e-05,1.8998731827911195e-05,0.0,0.0,0.0,False,0.46482122933509396,226,13.39
17,HOME CARE,1688,189.7959123222749,169.27887770231675,0.019118185350248826,3.399683328880019e-05,0.0,0.0,0.0,False,0.4508238135480458,4,0.24
17,LADIESWEAR,1688,1.9037322274881516,4.2814862112609955,3.5651321473452237e-05,0.00021539996839506898,0.0,0.0,0.0,False,0.585258796328501,208,12.32
17,LAWN AND GARDEN,1688,0.12351895734597157,0.9172961922537753,8.165191054421556e-10,1.3823830639383757e-08,0.0,0.0,0.0,False,1.0,41,2.43
17,LINGERIE,1688,5.32138625592417,5.801876010205284,2.6240091590554503e-07,1.2204604655900356e-07,0.0,0.0,0.0,False,0.16227888041992422,82,4.86
17,"LIQUOR,WINE,BEER",1688,39.41972748815166,43.49516985001155,5.613148848185251e-10,2.5451701207497324e-09,0.0,0.0,0.0,False,0.48424075854281967,96,5.69
17,MAGAZINES,1688,1.264218009478673,2.089811960321685,0.24638500133710994,0.00012766527904315865,1.0,0.0,,True,0.5028139070135541,102,6.04
17,MEATS,1688,252.76378169905215,141.7877147742757,3.7970346366218844e-25,2.7133916276736858e-21,0.0,0.0,0.0,False,0.09055496562867094,28,1.66
17,PERSONAL CARE,1688,228.35900473933648,105.90427487849017,0.071894702360207,3.6533481320673156e-07,1.0,0.0,,True,0.5643161448381877,51,3.02
17,PET SUPPLIES,1688,1.0130331753554502,1.706574558018483,0.1348017496532396,0.00033602129196607717,1.0,0.0,,True,0.4567457744833805,251,14.87
17,PLAYERS AND ELECTRONICS,1688,5.171208530805687,6.550791964438332,0.06376308571276072,0.00045129466680866485,1.0,0.0,,True,0.2806139782402778,44,2.61
17,POULTRY,1688,301.21367559537913,106.57682990522093,0.1323793209249915,0.0013327255047274954,1.0,0.0,,True,0.7213861117795249,43,2.55
17,PREPARED FOODS,1688,65.2861374407583,28.48872004665927,0.2616097921132198,0.20027237225543154,1.0,1.0,1.0,False,0.5160779789296357,28,1.66
17,PRODUCE,1688,750.9998360189572,707.585680154405,0.34166380492136295,0.006171463785405765,1.0,0.0,,True,0.7269761157291862,0,0.0
17,SCHOOL AND OFFICE SUPPLIES,1688,0.580568720379147,3.0621929848918836,0.006992042943475731,0.017387846026169246,0.0,0.0,0.0,False,0.39471093150009173,205,12.14
17,SEAFOOD,1688,11.105131516587678,7.367465632680449,0.00574781969655394,0.0018066464771064735,0.0,0.0,0.0,False,0.4312621643612742,41,2.43
18,AUTOMOTIVE,1688,3.807760663507109,3.337502974190661,0.0006047948661243892,0.0033044489711207465,0.0,0.0,0.0,False,0.2599670254683629,24,1.42
18,BABY CARE,1688,0.0995260663507109,0.4350388660444304,5.452222403706507e-10,9.029999674891807e-13,0.0,0.0,0.0,False,0.3845375766585347,112,6.64
18,BEAUTY,1688,2.0035545023696684,2.2367940413179546,0.016661220216612233,0.019300877761783682,0.0,0.0,0.0,False,0.37163953643832026,51,3.02
18,BEVERAGES,1688,1645.2846563981043,1104.480802681942,0.006092441525288253,0.005062899112470817,0.0,0.0,0.0,False,0.4358736551058514,43,2.55
18,BOOKS,1688,0.0,0.0,,,,,,True,0.0,0,0.0
18,BREAD/BAKERY,1688,658.6757612559242,232.4646710564587,0.07280546184440971,0.11573543952486004,1.0,1.0,1.0,False,0.6004126595103088,137,8.12
18,CELEBRATION,1688,4.666469194312796,43.59677229937749,0.0,0.0,0.0,0.0,0.0,False,0.9929768278882486,47,2.78
18,CLEANING,1688,600.4452014218009,305.8683283867353,0.0024908456134133472,0.014197651955888827,0.0,0.0,0.0,False,0.3303958479995376,157,9.3
18,DAIRY,1688,473.3595971563981,240.8639184738966,0.06087590789287278,0.13491969152470829,1.0,1.0,1.0,False,0.6997204673419628,31,1.84
18,DELI,1688,205.08483890165877,95.32067342963721,0.02602770830552565,0.1028618938963693,0.0,1.0,,True,0.6923798627344778,38,2.25
18,EGGS,1688,161.4529028436019,81.85192366156724,0.01487213226747665,0.054548273625215776,0.0,1.0,,True,0.5976635353409864,30,1.78
18,FROZEN FOODS,1688,57.16834503258294,64.84421811967962,8.651250542706129e-10,1.1626343462330888e-08,0.0,0.0,0.0,False,0.1818009808923967,116,6.87
18,GROCERY I,1688,2458.85535278436,1177.82226259568,8.729233940399187e-05,0.0005728623242515484,0.0,0.0,0.0,False,0.4679385754017089,170,10.07
18,GROCERY II,1688,16.65462085308057,10.732705003988297,0.1363518840291057,0.13130351762358833,1.0,1.0,1.0,False,0.3559224691932341,28,1.66
18,HARDWARE,1688,0.9300947867298578,1.3219794360811863,1.6761403734398307e-08,2.566383672652153e-07,0.0,0.0,0.0,False,0.19284510729723725,191,11.32
18,HOME AND KITCHEN I,1688,14.413210900473933,28.36352148718618,0.0008096874466462681,1.1846024679454016e-05,0.0,0.0,0.0,False,0.07904554495505733,54,3.2
18,HOME AND KITCHEN II,1688,8.406694312796208,9.238076611872193,0.022446152012954395,0.00025601223116725495,0.0,0.0,0.0,False,0.3661487319269212,16,0.95
18,HOME APPLIANCES,1688,0.17209715639810427,0.48342765498984525,1.1542441912708807e-08,1.2087291898752283e-07,0.0,0.0,0.0,False,0.3853605909531036,230,13.63
18,HOME CARE,1688,108.94490521327015,113.7195704751841,0.007192231872238836,0.0010879485578746651,0.0,0.0,0.0,False,0.4143323767677427,7,0.41
18,LADIESWEAR,1688,6.297985781990521,8.20678269771869,0.00010372351686495154,9.773130838231646e-06,0.0,0.0,0.0,False,0.42209599759037053,44,2.61
18,LAWN AND GARDEN,1688,1.4084715639810426,3.642932830396183,6.757696028467682e-07,4.4088220380785635e-08,0.0,0.0,0.0,False,0.22104941139626644,107,6.34
18,LINGERIE,1688,4.367890995260663,4.720023791794443,0.005909687464241248,0.010159757770980752,0.0,0.0,0.0,False,0.19949527908393538,50,2.96
18,"LIQUOR,WINE,BEER",1688,57.363447867298575,66.86100329008218,2.7958206130558503e-08,3.0803840760411755e-07,0.0,0.0,0.0,False,0.2339341409878548,79,4.68
18,MAGAZINES,1688,1.1596563981042654,2.1070523466234343,0.015151373991571015,0.001094488054352927,0.0,0.0,0.0,False,0.4980894787904827,97,5.75
18,MEATS,1688,98.62127002191943,55.27628487865772,0.017172277805119686,0.07461941433276047,0.0,1.0,,True,0.8419479866085874,105,6.22
18,PERSONAL CARE,1688,149.3438981042654,172.31077543110393,2.1707502110678634e-06,2.5181540612441267e-09,0.0,0.0,0.0,False,0.10050683089634371,68,4.03
18,PET SUPPLIES,1688,1.841824644549763,2.51070820853683,0.06888335746566117,0.015982399074702048,1.0,0.0,,True,0.27990575256782013,62,3.67
18,PLAYERS AND ELECTRONICS,1688,4.329087677725118,5.52240904468342,0.0025637529706235332,0.00012631259191004383,0.0,0.0,0.0,False,0.31312708467123807,47,2.78
18,POULTRY,1688,194.63552812381516,149.82362501349743,0.006786693388966933,0.03538497061356016,0.0,0.0,0.0,False,0.16947543902958295,35,2.07
18,PREPARED FOODS,1688,49.93610131279621,24.635565398094773,0.02864101550617502,0.07800578979332273,0.0,1.0,,True,0.41296312500141397,26,1.54
18,PRODUCE,1688,875.9828838507109,941.0759420162566,0.024413894488265978,0.002961856800761331,0.0,0.0,0.0,False,0.8015983463976393,12,0.71
18,SCHOOL AND OFFICE SUPPLIES,1688,1.923281990521327,8.515034822635142,2.0614656695008386e-07,5.657702271384386e-07,0.0,0.0,0.0,False,0.39878363202947675,260,15.4
18,SEAFOOD,1688,9.371677544609005,7.128978178859851,0.018463807672909748,0.08833139863102785,0.0,1.0,,True,0.48827764627563897,44,2.61
19,AUTOMOTIVE,1688,6.559537914691943,4.182149837243752,0.0006249021490097789,3.131783620331243e-08,0.0,0.0,0.0,False,0.3477646347147342,48,2.84
19,BABY CARE,1688,0.11877962085308057,0.4609432650013054,2.9846865425963485e-05,1.9161014834990194e-07,0.0,0.0,0.0,False,0.29541802607874235,133,7.88
19,BEAUTY,1688,1.6054502369668247,1.6381691056975252,0.00014535391506266437,1.0907105101756102e-05,0.0,0.0,0.0,False,0.29570198946130966,47,2.78
19,BEVERAGES,1688,1960.6181872037914,900.5256487658488,0.06330392913675323,0.0032279684626074574,1.0,0.0,,True,0.6243905780323193,19,1.13
19,BOOKS,1688,0.0,0.0,,,,,,True,0.0,0,0.0
19,BREAD/BAKERY,1688,179.90876777251185,54.91423204410722,3.5601095728068328e-06,3.507789737149627e-05,0.0,0.0,0.0,False,0.5824245002726234,24,1.42
19,CELEBRATION,1688,5.261255924170616,9.258082104548373,0.007130418986876421,0.00017820503812831866,0.0,0.0,0.0,False,0.14217503681917398,75,4.44
19,CLEANING,1688,928.4798578199052,344.1676451956307,3.1793956021877676e-05,7.25097814069624e-07,0.0,0.0,0.0,False,0.7260357411056992,91,5.39
19,DAIRY,1688,289.6617298578199,140.23944792759926,0.1841465826673278,0.2634029232811942,1.0,1.0,1.0,False,0.7239960021201103,16,0.95
19,DELI,1688,274.1409952606635,106.03201846988969,0.2228401274345313,0.24840106608603152,1.0,1.0,1.0,False,0.6038456989651483,8,0.47
19,EGGS,1688,64.93187203791469,38.14759084381261,0.04505081793971096,0.06698671673697562,0.0,1.0,,True,0.3332813592945646,48,2.84
19,FROZEN FOODS,1688,61.91210507879146,115.9059879579331,1.8611730390436244e-12,1.585632497424624e-11,0.0,0.0,0.0,False,0.19001874332807955,79,4.68
19,GROCERY I,1688,3024.6576546208535,1033.723316213036,0.000561774182302145,7.866694899062082e-10,0.0,0.0,0.0,False,0.7323090127921192,72,4.27
19,GROCERY II,1688,9.90521327014218,12.148333222012086,5.2396484753707694e-08,4.068834110929363e-07,0.0,0.0,0.0,False,0.1970796526910633,106,6.28
19,HARDWARE,1688,1.283175355450237,1.4540261908439673,7.489360463781124e-08,5.367304736799301e-08,0.0,0.0,0.0,False,0.22093119469942346,31,1.84
19,HOME AND KITCHEN I,1688,14.229561611374407,17.467783791432385,3.094187378371325e-05,9.742978367382626e-12,0.0,0.0,0.0,False,0.18027217043938581,35,2.07
19,HOME AND KITCHEN II,1688,8.529324644549764,10.072184591645893,0.02938013059253414,0.00027372714003303376,0.0,0.0,0.0,False,0.1865470513814761,31,1.84
19,HOME APPLIANCES,1688,0.1623222748815166,0.439272244435898,3.942607350367366e-14,1.6509911073704124e-12,0.0,0.0,0.0,False,0.29038665883912096,235,13.92
19,HOME CARE,1688,125.43957345971565,114.49582359079729,0.01238020001243301,2.618743494668925e-05,0.0,0.0,0.0,False,0.6126332036127695,2,0.12
19,LADIESWEAR,1688,5.2760663507109005,6.898422673100348,4.237745695689062e-05,5.879549857427119e-06,0.0,0.0,0.0,False,0.3123990122797772,42,2.49
19,LAWN AND GARDEN,1688,0.015995260663507108,0.46487030778478433,0.0,0.0,0.0,0.0,0.0,False,1.0,4,0.24
19,LINGERIE,1688,4.436018957345971,4.2163687329116675,3.4836187481654626e-06,3.7337961241881494e-05,0.0,0.0,0.0,False,0.3031506020562804,77,4.56
19,"LIQUOR,WINE,BEER",1688,34.00947867298578,45.07615796404771,3.517619008035499e-14,7.088166059656498e-13,0.0,0.0,0.0,False,0.26395761067666446,107,6.34
19,MAGAZINES,1688,1.025473933649289,1.7231993206096454,0.018644724014617118,9.975722980846949e-08,0.0,0.0,0.0,False,0.5524216925388462,49,2.9
19,MEATS,1688,141.4014792221564,49.26659408426642,0.006509201680573013,0.017331588318553828,0.0,0.0,0.0,False,0.6576423209624052,80,4.74
19,PERSONAL CARE,1688,187.22156398104266,80.14408200054568,0.00011951971853530869,4.0064984809392495e-09,0.0,0.0,0.0,False,0.6045339599765689,61,3.61
19,PET SUPPLIES,1688,0.5707938388625592,0.9776064476477578,0.10441458960338468,3.0552030672935374e-06,1.0,0.0,,True,0.4078717620228348,98,5.81
19,PLAYERS AND ELECTRONICS,1688,2.9783767772511847,3.685105215048932,0.1370077585301745,0.00030781390500338754,1.0,0.0,,True,0.29329051630077885,33,1.95
19,POULTRY,1688,122.02490208708531,89.83497081025016,0.06941089340001276,0.12090135488566794,1.0,1.0,1.0,False,0.8462149412452176,171,10.13
19,PREPARED FOODS,1688,33.487855450236964,13.024735963148698,0.01218319453400082,0.002084194230780185,0.0,0.0,0.0,False,0.45770818679241443,11,0.65
19,PRODUCE,1688,266.3580966735782,236.36319601815288,0.0467564943529291,6.490031899630325e-05,0.0,0.0,0.0,False,0.5281617550047971,1,0.06
19,SCHOOL AND OFFICE SUPPLIES,1688,0.5266587677725119,3.185138909501706,1.777539144253304e-11,3.9498631323062026e-10,0.0,0.0,0.0,False,0.9999993114739311,163,9.66
19,SEAFOOD,1688,4.344194312796208,4.262748799676529,0.003728098782815321,0.012866122512733278,0.0,0.0,0.0,False,0.27428394509633824,65,3.85
20,AUTOMOTIVE,1688,4.500592417061611,5.787867213456643,0.1889624869340666,0.03786522932795532,1.0,0.0,,True,0.5832981594479831,26,1.54
20,BABY CARE,1688,0.31101895734597157,0.8661845446087836,0.062138705029982644,0.03466757567080316,1.0,0.0,,True,0.9999999999570961,276,16.35
20,BEAUTY,1688,2.8533767772511847,4.009100550902828,0.10551110590740281,0.00013385541858603663,1.0,0.0,,True,0.7315378890944375,63,3.73
20,BEVERAGES,1688,1640.1679502369668,2003.3929948419818,0.6234654100429096,0.00819385877337407,1.0,0.0,,True,0.5849818488523213,35,2.07
20,BOOKS,1688,0.0,0.0,,,,,,True,0.0,0,0.0
20,BREAD/BAKERY,1688,256.66257464454975,285.59935861450657,0.4989077119376223,0.15325632443693155,1.0,1.0,1.0,False,0.8403163097388953,29,1.72
20,CELEBRATION,1688,4.008590047393365,5.822514476892054,0.3213944313287256,0.027891328543767295,1.0,0.0,,True,0.9999999193830437,67,3.97
20,CLEANING,1688,703.4958530805687,792.8968684300596,0.4309769196567337,0.011855086568191104,1.0,0.0,,True,0.6098626555607697,18,1.07
20,DAIRY,1688,409.5856042654028,460.17218458596284,0.5824204123206661,0.04547131806084684,1.0,0.0,,True,0.8008845471312596,25,1.48
20,DELI,1688,326.5252698518957,349.709512685164,0.6777633383033361,0.08053230625382796,1.0,1.0,1.0,False,0.7091333541098456,7,0.41
20,EGGS,1688,66.90728672985782,83.0903327873397,0.4680674286653242,0.15655966243776898,1.0,1.0,1.0,False,0.5851213656299443,41,2.43
20,FROZEN FOODS,1688,60.38279089099527,123.7274446355246,2.680617682885795e-06,3.2938918266705097e-09,0.0,0.0,0.0,False,0.514362674927902,52,3.08
20,GROCERY I,1688,2844.140871445498,3863.3865011912735,0.2634266862968204,0.001077053536164466,1.0,0.0,,True,0.45548174657852447,18,1.07
20,GROCERY II,1688,7.112559241706161,10.36370638545447,0.006695027253034575,6.3649764210376734e-06,0.0,0.0,0.0,False,0.7531224857474212,41,2.43
20,HARDWARE,1688,0.4265402843601896,0.9318480771679228,0.001299956232720254,1.4417047013447316e-07,0.0,0.0,0.0,False,0.41625084371511456,62,3.67
20,HOME AND KITCHEN I,1688,15.066943127962086,23.634409667848324,0.0037443613997535674,4.3897362379849863e-07,0.0,0.0,0.0,False,0.7341769978046451,35,2.07
20,HOME AND KITCHEN II,1688,8.45527251184834,11.15577508593719,0.046207046843275305,0.0004575727136834255,0.0,0.0,0.0,False,0.6452495522384675,42,2.49
20,HOME APPLIANCES,1688,0.09834123222748815,0.39684242410980625,3.159519574265412e-05,0.00012058782300532343,0.0,0.0,0.0,False,0.35993120498978015,121,7.17
20,HOME CARE,1688,162.7757701421801,195.93780145375018,0.6919673066783409,0.17735917865742296,1.0,1.0,1.0,False,0.8060337286022269,20,1.18
20,LADIESWEAR,1688,4.160248815165877,7.836235149938519,0.023415316890606226,4.225306494100075e-05,0.0,0.0,0.0,False,0.9999999553235753,113,6.69
20,LAWN AND GARDEN,1688,3.0752369668246446,4.867506241961935,0.051437322712956056,0.003192970967638679,1.0,0.0,,True,0.4281073549508647,78,4.62
20,LINGERIE,1688,1.8924763033175356,3.0202570825553288,0.04340591611797873,1.1646146614493243e-06,0.0,0.0,0.0,False,0.5656087152005274,106,6.28
20,"LIQUOR,WINE,BEER",1688,23.542357819905213,39.848837978206134,0.0009103010808674966,9.15515319476312e-08,0.0,0.0,0.0,False,0.6145442810198483,107,6.34
20,MAGAZINES,1688,0.644845971563981,1.3833490199288534,0.0013507592259769264,2.4585538922194494e-09,0.0,0.0,0.0,False,0.571326361358999,142,8.41
20,MEATS,1688,160.06994833293837,177.96518037900228,0.8022353166481466,0.17259499826053126,1.0,1.0,1.0,False,0.844267985000825,13,0.77
20,PERSONAL CARE,1688,210.780509478673,242.0704604894817,0.22931303017180643,0.006856693530887081,1.0,0.0,,True,0.753529684243702,26,1.54
20,PET SUPPLIES,1688,1.4795616113744077,2.323948777985119,0.5393685478776343,0.008360884109960552,1.0,0.0,,True,0.9999999974337973,126,7.46
20,PLAYERS AND ELECTRONICS,1688,2.7855450236966823,4.1852740470830385,0.2356288849537117,0.0016778260798125156,1.0,0.0,,True,0.9999998664702895,68,4.03
20,POULTRY,1688,202.6990373672986,329.88317383253525,0.008064301553933317,0.0001034399067209463,0.0,0.0,0.0,False,0.8101538634334188,16,0.95
20,PREPARED FOODS,1688,44.142362598933644,48.960746756780345,0.6301166706291355,0.4966907626603533,1.0,1.0,1.0,False,0.7452579626839897,14,0.83
20,PRODUCE,1688,501.2171918720379,606.0190217356514,0.6453124529169508,0.2076697754723914,1.0,1.0,1.0,False,0.9999633390129941,8,0.47
20,SCHOOL AND OFFICE SUPPLIES,1688,3.0393957345971563,18.534490672991307,0.0006992193134477636,0.0008253957844726795,0.0,0.0,0.0,False,0.9999999999992302,233,13.8
20,SEAFOOD,1688,6.87284922221564,8.748477198982226,0.43424362536248107,0.007209227759909165,1.0,0.0,,True,0.7000756037067415,51,3.02
21,AUTOMOTIVE,1688,4.664099526066351,6.3595138942935625,0.5393871862244216,0.053582497073531465,1.0,1.0,1.0,False,0.5247808682757407,18,1.07
21,BABY CARE,1688,0.2917654028436019,0.8153664753304393,0.025700903764446136,4.8421513495888865e-05,0.0,0.0,0.0,False,0.33406745653791203,273,16.17
21,BEAUTY,1688,2.1718009478672986,3.314361139043104,0.12997443286157417,0.004162241303990443,1.0,0.0,,True,0.5584122678674586,51,3.02
21,BEVERAGES,1688,1167.2508886255923,1462.8884643599727,0.6536266651790359,0.06135434981988914,1.0,1.0,1.0,False,0.7446024464412306,8,0.47
21,BOOKS,1688,0.0,0.0,,,,,,True,0.0,0,0.0
21,BREAD/BAKERY,1688,218.4372037914692,280.41036894349435,0.26078461908079137,0.033608182247124974,1.0,0.0,,True,0.8382941177691707,13,0.77
21,CELEBRATION,1688,3.3708530805687205,6.0440904219565725,0.08596673452696862,0.03669042287933493,1.0,0.0,,True,0.37221729571948137,118,6.99
21,CLEANING,1688,572.1027843601896,761.0617246165368,0.49510520600533203,0.00673913290586385,1.0,0.0,,True,0.6001718872801735,20,1.18
21,DAIRY,1688,250.70201421800948,315.5433370829531,0.6746046241138303,0.08550324847456431,1.0,1.0,1.0,False,0.8357921019759449,7,0.41
21,DELI,1688,144.56080715047395,182.17780583446216,0.41510820567580775,0.032271331721725645,1.0,0.0,,True,0.7551397080123988,12,0.71
21,EGGS,1688,97.61492890995261,138.2829397677779,0.8050589000866388,0.10987266515290062,1.0,1.0,1.0,False,0.670703644277989,38,2.25
21,FROZEN FOODS,1688,44.6559718122038,108.89845783863024,1.5130190033555613e-06,1.2321712824243061e-08,0.0,0.0,0.0,False,0.39853886889329304,66,3.91
21,GROCERY I,1688,1881.5174280213269,2379.597650978944,0.4949050957041832,0.0635981469093336,1.0,1.0,1.0,False,0.7559625809847752,11,0.65
21,GROCERY II,1688,6.133293838862559,10.595964182502676,0.00962998846223011,3.484537255887619e-05,0.0,0.0,0.0,False,0.4477774105098685,71,4.21
21,HARDWARE,1688,0.4200236966824645,0.9040196080397217,0.028516359315973565,1.7113506594321368e-06,0.0,0.0,0.0,False,0.3415349599630809,418,24.76
21,HOME AND KITCHEN I,1688,15.699940758293838,23.87964127316319,0.13325881331317807,0.0025408318413869782,1.0,0.0,,True,0.40201250859858806,49,2.9
21,HOME AND KITCHEN II,1688,13.429502369668246,22.112018940239484,0.11609377713027635,0.002587308709155963,1.0,0.0,,True,0.4307073504460698,31,1.84
21,HOME APPLIANCES,1688,0.1415876777251185,0.43495773426953477,6.573996092692981e-05,2.214238856823332e-08,0.0,0.0,0.0,False,1.0,193,11.43
21,HOME CARE,1688,143.77517772511848,187.07067652145494,0.30350184433601457,0.02516086241405592,1.0,0.0,,True,0.7692071708494854,18,1.07
21,LADIESWEAR,1688,2.3972156398104265,4.555650550086488,0.1711540711375128,0.03646317347339548,1.0,0.0,,True,0.66129117528294,186,11.02
21,LAWN AND GARDEN,1688,1.1217417061611374,3.55599063566524,8.977237722469838e-10,3.814797872923915e-21,0.0,0.0,0.0,False,0.3200330444956401,254,15.05
21,LINGERIE,1688,4.124111374407583,6.373536010152442,0.09002262728615756,0.0026040937588065137,1.0,0.0,,True,0.4868853053593992,78,4.62
21,"LIQUOR,WINE,BEER",1688,30.652251184834125,51.47187681455748,0.2064897202356934,0.0004278169935029504,1.0,0.0,,True,0.5952819105308507,109,6.46
21,MAGAZINES,1688,0.9597156398104265,1.8422944933697758,0.08757954214288766,1.8844994688341433e-05,1.0,0.0,,True,0.4692544696415121,253,14.99
21,MEATS,1688,50.028604311907586,61.141851664589744,0.44569504620927386,0.054062578404546924,1.0,1.0,1.0,False,0.6701489299956447,3,0.18
21,PERSONAL CARE,1688,145.16291469194312,187.7983391344545,0.4202560095016943,0.10166043688017967,1.0,1.0,1.0,False,0.7338883138173387,17,1.01
21,PET SUPPLIES,1688,0.8554502369668247,1.5915510953298317,0.6085749507709233,0.04651302056761664,1.0,0.0,,True,0.4169521827300571,226,13.39
21,PLAYERS AND ELECTRONICS,1688,3.5930094786729856,5.569408861211062,0.04108345333385967,0.00014659064226207156,0.0,0.0,0.0,False,0.4573488065684126,66,3.91
21,POULTRY,1688,77.79842478850712,96.79149592285813,0.4436864022016389,0.11207499131664322,1.0,1.0,1.0,False,0.6112043529060129,9,0.53
21,PREPARED FOODS,1688,46.32114574289099,60.034358167141434,0.8693924921758169,0.17413033346226875,1.0,1.0,1.0,False,0.5946663757422294,12,0.71
21,PRODUCE,1688,569.6269675355451,701.0659662151763,0.6012477588252256,0.10680785478744897,1.0,1.0,1.0,False,0.8242548632577591,2,0.12
21,SCHOOL AND OFFICE SUPPLIES,1688,2.0799763033175354,9.146252992619992,3.757612647005162e-08,6.272752074222127e-08,0.0,0.0,0.0,False,0.367708644842172,222,13.15
21,SEAFOOD,1688,2.593601895734597,4.073110087598767,0.4571879321749888,0.049275900503696325,1.0,0.0,,True,0.43303588865086073,99,5.86
22,AUTOMOTIVE,1688,2.1845379146919433,3.679656697052657,0.13157498130596118,0.001758172547214687,1.0,0.0,,True,1.0,55,3.26
22,BABY CARE,1688,0.11640995260663507,0.44186343857331556,0.0012014774512734484,0.00040676709420285227,0.0,0.0,0.0,False,1.0,136,8.06
22,BEAUTY,1688,0.6241113744075829,1.3598852481012236,0.167041595472611,0.003823548436636724,1.0,0.0,,True,1.0,145,8.59
22,BEVERAGES,1688,509.7405213270142,679.0587728916424,0.9139283255563851,0.29584188792126975,1.0,1.0,1.0,False,1.0,4,0.24
22,BOOKS,1688,0.0,0.0,,,,,,True,0.0,0,0.0
22,BREAD/BAKERY,1688,53.781398104265406,70.9668863224099,0.6687900626350803,0.20490084028878996,1.0,1.0,1.0,False,1.0,6,0.36
22,CELEBRATION,1688,3.6122630331753554,6.872126813760512,0.30757785812076766,0.01663061856465265,1.0,0.0,,True,1.0,83,4.92
22,CLEANING,1688,247.66498815165878,335.5838693580567,0.7028535184245076,0.10218240554453534,1.0,1.0,1.0,False,1.0,10,0.59
22,DAIRY,1688,120.99526066350711,158.1227340678633,0.7477373653634587,0.17217176747138746,1.0,1.0,1.0,False,1.0,2,0.12
22,DELI,1688,64.97245260663507,85.25413026565931,0.6033680865296018,0.18030141758830281,1.0,1.0,1.0,False,1.0,3,0.18
22,EGGS,1688,21.025177725118482,31.882919520811278,0.7132617056644571,0.22168199596407312,1.0,1.0,1.0,False,1.0,50,2.96
22,FROZEN FOODS,1688,29.96508177488152,108.4882252343108,1.6231058171519326e-10,6.003705595362182e-11,0.0,0.0,0.0,False,1.0,69,4.09
22,GROCERY I,1688,934.1569410545022,1235.312889904183,0.6821204399681405,0.12963522344180883,1.0,1.0,1.0,False,1.0,4,0.24
22,GROCERY II,1688,2.350414691943128,4.891470608348664,0.008246620918925963,4.772462034798269e-06,0.0,0.0,0.0,False,1.0,179,10.6
22,HARDWARE,1688,0.4140995260663507,0.9976393093848537,0.027371861199001327,0.0010878145471582754,0.0,0.0,0.0,False,1.0,377,22.33
22,HOME AND KITCHEN I,1688,16.00770142180095,29.482504631742355,0.0722297398012024,0.006023030452847046,1.0,0.0,,True,1.0,75,4.44
22,HOME AND KITCHEN II,1688,7.605746445497631,11.280307243654757,0.3325229249944486,0.00985980200139679,1.0,0.0,,True,1.0,29,1.72
22,HOME APPLIANCES,1688,0.13566350710900474,0.4502077876800358,0.006395726493453377,0.0033870468927286166,0.0,0.0,0.0,False,1.0,172,10.19
22,HOME CARE,1688,62.97600710900474,85.60522104265404,0.7104311169668385,0.12942483569893626,1.0,1.0,1.0,False,1.0,7,0.41
22,LADIESWEAR,1688,0.20734597156398105,1.2835720271012188,0.0004466224478797904,0.0009727710250574193,0.0,0.0,0.0,False,1.0,84,4.98
22,LAWN AND GARDEN,1688,0.007701421800947867,0.16314172730197,1.850708299526899e-27,2.636181212125552e-22,0.0,0.0,0.0,False,0.25549717210815837,7,0.41
22,LINGERIE,1688,2.843898104265403,5.514926512129357,0.011835846610219879,7.502096160214005e-07,0.0,0.0,0.0,False,1.0,135,8.0
22,"LIQUOR,WINE,BEER",1688,13.811315165876778,32.36662160864249,0.9653588678853191,0.6710102526790198,1.0,1.0,1.0,False,1.0,96,5.69
22,MAGAZINES,1688,1.1412914691943128,2.118391531808376,0.01788290047356126,2.7275292597613273e-06,0.0,0.0,0.0,False,1.0,88,5.21
22,MEATS,1688,41.87585636137441,126.15298763379313,0.007652538836001895,7.526819852445903e-20,0.0,0.0,0.0,False,1.0,2,0.12
22,PERSONAL CARE,1688,63.71563981042654,88.81435820596937,0.4843627343658872,0.0727394357963427,1.0,1.0,1.0,False,1.0,12,0.71
22,PET SUPPLIES,1688,0.38773696682464454,0.8571593105757761,0.34510618032135243,0.0014953036783619152,1.0,0.0,,True,1.0,384,22.75
22,PLAYERS AND ELECTRONICS,1688,2.256516587677725,3.603818721319444,0.438445810477122,0.022961515070273462,1.0,0.0,,True,1.0,66,3.91
22,POULTRY,1688,49.43663085959716,71.73497340227483,0.897773012479109,0.3409666936621083,1.0,1.0,1.0,False,1.0,42,2.49
22,PREPARED FOODS,1688,18.074644549763033,24.51451664324154,0.5059951401907987,0.23718966704016203,1.0,1.0,1.0,False,1.0,8,0.47
22,PRODUCE,1688,159.46114949644547,209.9979705727246,0.7832733586952305,0.18671084808093819,1.0,1.0,1.0,False,1.0,9,0.53
22,SCHOOL AND OFFICE SUPPLIES,1688,0.2476303317535545,1.5182139620145267,4.553518955152547e-06,5.678669436110789e-06,0.0,0.0,0.0,False,0.3527710016700971,134,7.94
22,SEAFOOD,1688,0.8507109004739336,1.7119786399413834,0.20633903828286,0.0016463870022052083,1.0,0.0,,True,1.0,216,12.8
23,AUTOMOTIVE,1688,2.300355450236967,1.8671369069356356,1.1697672997391289e-08,1.8548426190964397e-07,0.0,0.0,0.0,False,0.2850235940336605,52,3.08
23,BABY CARE,1688,0.0,0.0,,,,,,True,0.0,0,0.0
23,BEAUTY,1688,1.5171800947867298,1.6500259158481332,0.003532718809222557,0.0005383069937850949,0.0,0.0,0.0,False,0.2662793001525028,46,2.73
23,BEVERAGES,1688,1176.0752369668246,531.4981944767194,0.022457815316590177,8.416854569206993e-06,0.0,0.0,0.0,False,0.5603816049713335,1,0.06
23,BOOKS,1688,0.052428909952606635,0.32447124601379046,4.250185845664424e-05,7.768229315692254e-05,0.0,0.0,0.0,False,1.0,57,3.38
23,BREAD/BAKERY,1688,273.5705986670616,51.52752161846414,0.00018601423621025524,5.839113871632425e-05,0.0,0.0,0.0,False,0.4225754660431936,21,1.24
23,CELEBRATION,1688,8.747334123222748,13.347049830733638,0.004114612605948027,1.3653768247162368e-11,0.0,0.0,0.0,False,0.1126708424610594,36,2.13
23,CLEANING,1688,573.9330568720379,108.10181466005007,1.3498440684829285e-10,3.007972667071463e-09,0.0,0.0,0.0,False,0.3287998359616755,44,2.61
23,DAIRY,1688,465.38240521327015,119.76985663368166,0.09406481566549829,0.1691862693596819,1.0,1.0,1.0,False,0.4989877729723535,28,1.66
23,DELI,1688,133.44922773163506,31.705949962944572,9.346422385955754e-06,5.581887589519461e-05,0.0,0.0,0.0,False,0.44897882859059435,36,2.13
23,EGGS,1688,55.216528436018955,12.879258007153984,2.8720778499038342e-05,2.2705228143428625e-06,0.0,0.0,0.0,False,0.4853447575491088,30,1.78
23,FROZEN FOODS,1688,101.88486291291468,183.15011415418346,1.3343183236440014e-14,6.11651590117987e-13,0.0,0.0,0.0,False,0.06014454214110987,110,6.52
23,GROCERY I,1688,1986.0210308056871,415.3077953881195,1.589037804283899e-05,7.07788963968174e-08,0.0,0.0,0.0,False,0.3654264800685507,51,3.02
23,GROCERY II,1688,24.30627962085308,13.81688943185233,5.116489141480345e-11,3.2111975635580807e-09,0.0,0.0,0.0,False,0.22395161366980487,63,3.73
23,HARDWARE,1688,0.1338862559241706,0.43806825651807196,0.1237897637403052,0.01595806003911002,1.0,0.0,,True,1.0,172,10.19
23,HOME AND KITCHEN I,1688,6.763921800947867,8.096581817632995,0.03517134085093299,1.2192844141081505e-08,0.0,0.0,0.0,False,0.2073506859103792,59,3.5
23,HOME AND KITCHEN II,1688,8.90936018957346,15.269242033823927,8.503162749593043e-06,7.587755395194365e-08,0.0,0.0,0.0,False,0.15857124199580908,69,4.09
23,HOME APPLIANCES,1688,0.21119668246445497,0.48263158210328727,1.82196724420852e-12,4.44831645331036e-11,0.0,0.0,0.0,False,0.3217633384759775,306,18.13
23,HOME CARE,1688,86.87529620853081,72.48067420141932,0.003819366784678689,1.2958845459126386e-05,0.0,0.0,0.0,False,0.3549110399015748,0,0.0
23,LADIESWEAR,1688,6.793542654028436,7.6563838179850965,0.002255727897676392,1.4167788907741257e-07,0.0,0.0,0.0,False,0.31688005402075536,11,0.65
23,LAWN AND GARDEN,1688,0.9380924170616114,3.854940913592942,2.146965410259676e-12,2.3882733302386192e-15,0.0,0.0,0.0,False,0.12209006443290848,193,11.43
23,LINGERIE,1688,4.589158767772512,3.603235028510873,2.083567441367772e-09,1.6736932834850826e-17,0.0,0.0,0.0,False,0.215635661167624,29,1.72
23,"LIQUOR,WINE,BEER",1688,55.11107819905213,57.039748008711086,7.546089847092475e-10,8.109329091106916e-10,0.0,0.0,0.0,False,0.4518044229755712,67,3.97
23,MAGAZINES,1688,2.159063981042654,2.834764006332891,0.16647811869096113,8.962641860068882e-09,1.0,0.0,,True,0.2182871866370668,24,1.42
23,MEATS,1688,653.771677633294,492.906324219469,0.051551747139926475,0.07917768437695383,1.0,1.0,1.0,False,0.4160294818975543,87,5.15
23,PERSONAL CARE,1688,140.40936018957345,42.442915616342944,3.226700063332395e-06,2.067021134429909e-09,0.0,0.0,0.0,False,0.48760060286314233,35,2.07
23,PET SUPPLIES,1688,1.7609597156398105,2.3300945033078344,0.03433381021776316,9.108047199307837e-06,0.0,0.0,0.0,False,0.2418554201785441,43,2.55
23,PLAYERS AND ELECTRONICS,1688,2.507701421800948,2.9063020339355585,0.0018979410316470532,5.948491853533235e-06,0.0,0.0,0.0,False,0.2242587646326759,26,1.54
23,POULTRY,1688,296.80274681161137,98.2484627127898,0.10551842427454589,0.3466796836374706,1.0,1.0,1.0,False,0.5003016144963484,3,0.18
23,PREPARED FOODS,1688,49.410063094194314,15.63300691636531,0.07349396994445116,0.18631503769518604,1.0,1.0,1.0,False,0.3827737117974839,33,1.95
23,PRODUCE,1688,792.6937890402843,663.7888366926572,0.011219599659002218,3.189201942101257e-05,0.0,0.0,0.0,False,0.40964702632299055,0,0.0
23,SCHOOL AND OFFICE SUPPLIES,1688,0.173281990521327,0.7121458833702908,5.772640021089551e-06,1.9326704836647842e-05,0.0,0.0,0.0,False,0.3813227202252314,186,11.02
23,SEAFOOD,1688,15.561629145556871,6.512178345607986,0.005047087815323905,0.013363798252538498,0.0,0.0,0.0,False,0.30529169778506804,20,1.18
24,AUTOMOTIVE,1688,3.2920616113744074,3.4287146208384565,9.881855193827289e-11,1.7517898544094475e-09,0.0,0.0,0.0,False,0.11870763396647377,67,3.97
24,BABY CARE,1688,0.04235781990521327,0.24855410672454556,1.7167682266035273e-07,4.9445628675388e-09,0.0,0.0,0.0,False,0.24209217223194168,57,3.38
24,BEAUTY,1688,4.907879146919432,3.298023083312071,0.000881757689522974,0.0003643224023459097,0.0,0.0,0.0,False,0.2810301857509644,21,1.24
24,BEVERAGES,1688,2824.0112559241707,1320.137429367187,0.03754953386057346,0.005504128836679556,0.0,0.0,0.0,False,0.3432468815758708,4,0.24
24,BOOKS,1688,0.13447867298578198,0.5457565683617872,0.0271423181166458,0.046161526667625526,0.0,0.0,0.0,False,1.0,135,8.0
24,BREAD/BAKERY,1688,692.066855450237,224.32125353029866,0.03055996315015112,0.045913287807230245,0.0,0.0,0.0,False,0.43149139610683196,111,6.58
24,CELEBRATION,1688,10.745556872037914,11.215699648217054,0.2174955236084148,0.07804594101049152,1.0,1.0,1.0,False,0.28352582446872066,6,0.36
24,CLEANING,1688,1110.8273104265402,345.7620510067774,0.013203534599560633,0.05017515239457962,0.0,1.0,,True,0.4084565622392019,132,7.82
24,DAIRY,1688,1074.2781398104266,412.00604573357776,0.09215059438545387,0.038618811983805984,1.0,0.0,,True,0.43720557455046805,117,6.93
24,DELI,1688,253.37937681872037,89.71723495873948,0.07121623160945448,0.1528643534482504,1.0,1.0,1.0,False,0.43628119824412503,133,7.88
24,EGGS,1688,204.52340047393366,64.86883544889882,0.02151720956202261,0.08268083203387788,0.0,1.0,,True,0.5482966386873704,114,6.75
24,FROZEN FOODS,1688,210.1395757754739,307.974691586943,4.01592912019768e-09,4.0560516697463214e-08,0.0,0.0,0.0,False,0.13164628930607758,218,12.91
24,GROCERY I,1688,3770.2431872037914,1721.200774476665,0.003963121772322835,0.009849019878962037,0.0,0.0,0.0,False,0.11251437783230311,160,9.48
24,GROCERY II,1688,25.716232227488153,116.69284324767487,0.0,0.0,0.0,0.0,0.0,False,0.0022898178274801673,48,2.84
24,HARDWARE,1688,1.1113744075829384,1.398314170735487,1.3305422210958315e-07,2.470318298560312e-07,0.0,0.0,0.0,False,0.19091206563035878,23,1.36
24,HOME AND KITCHEN I,1688,15.356042654028435,15.530273672246473,0.0028905046432589005,3.0016668351785393e-05,0.0,0.0,0.0,False,0.2462677894457852,33,1.95
24,HOME AND KITCHEN II,1688,28.131516587677726,38.55091017539322,0.001750789389021013,0.000454664517039564,0.0,0.0,0.0,False,0.18156869976911172,76,4.5
24,HOME APPLIANCES,1688,0.3462677725118483,0.7574394856176612,3.259884553971123e-22,3.5641078980516153e-19,0.0,0.0,0.0,False,0.277758106048566,381,22.57
24,HOME CARE,1688,171.68986966824644,144.86779717532102,0.023610601479123573,0.0004391284397435094,0.0,0.0,0.0,False,0.3107949495861356,1,0.06
24,LADIESWEAR,1688,8.450236966824644,9.10540007656801,0.013553936690725878,0.0002775606556901005,0.0,0.0,0.0,False,0.37267476978577674,11,0.65
24,LAWN AND GARDEN,1688,13.58027251184834,17.14931243684991,0.713243446668471,0.4567586770013599,1.0,1.0,1.0,False,0.2310147040060495,172,10.19
24,LINGERIE,1688,9.235189573459715,6.433238825798926,0.00011907519473462093,0.000510892644061072,0.0,0.0,0.0,False,0.26726665291393137,29,1.72
24,"LIQUOR,WINE,BEER",1688,100.1614336492891,105.03511496642925,2.2389926335159253e-05,9.09016609569215e-05,0.0,0.0,0.0,False,0.31894374025289907,59,3.5
24,MAGAZINES,1688,6.545023696682464,7.411844211605006,0.20922085569440346,0.0007227443137030129,1.0,0.0,,True,0.213402258140846,21,1.24
24,MEATS,1688,387.9608358056872,148.59344748936437,0.009249760722482025,0.043599707320369774,0.0,0.0,0.0,False,0.7575376548314712,215,12.74
24,PERSONAL CARE,1688,263.5891587677725,100.2143917919579,0.018108146294288367,0.01787531827662275,0.0,0.0,0.0,False,0.4544195571757875,131,7.76
24,PET SUPPLIES,1688,8.921208530805687,8.673113232536323,0.15209654753535334,0.0009183924592743013,1.0,0.0,,True,0.2734118717951747,1,0.06
24,PLAYERS AND ELECTRONICS,1688,7.258590047393365,8.16901977478338,0.004017534409935793,1.3613772214854442e-05,0.0,0.0,0.0,False,0.16660456805702828,17,1.01
24,POULTRY,1688,487.70513847156394,199.55660641793875,0.038728017143935464,0.0752167831388419,0.0,1.0,,True,0.6833151389208991,135,8.0
24,PREPARED FOODS,1688,129.09021831694312,43.34777342092007,0.017954784031816353,0.07653814392840326,0.0,1.0,,True,0.4551808230867542,115,6.81
24,PRODUCE,1688,2267.817025414692,2052.701511411859,0.04104413496760429,0.00037452956047317494,0.0,0.0,0.0,False,0.7221581721084036,0,0.0
24,SCHOOL AND OFFICE SUPPLIES,1688,0.5630924170616114,2.8662158047621347,3.158293297905485e-07,2.935651915057607e-07,0.0,0.0,0.0,False,0.9994847519998876,317,18.78
24,SEAFOOD,1688,35.49407121149289,16.1542965091373,0.008095996323728306,0.03931997310205399,0.0,0.0,0.0,False,0.5658242684943698,17,1.01
25,AUTOMOTIVE,1688,2.0764218009478674,2.2829801948444497,0.00031724291152103354,6.11131262353675e-05,0.0,0.0,0.0,False,0.22710503655767456,53,3.14
25,BABY CARE,1688,0.018364928909952605,0.1694348624585724,3.3203620718855026e-05,1.4188360749063802e-05,0.0,0.0,0.0,False,0.22958253652074356,25,1.48
25,BEAUTY,1688,2.3880331753554502,2.907111476537104,2.437216857014205e-07,6.5982210263523835e-09,0.0,0.0,0.0,False,0.19170030568169583,105,6.22
25,BEVERAGES,1688,1767.5156990521327,1444.5741083021617,2.230914570125991e-05,1.5837149277129026e-05,0.0,0.0,0.0,False,0.24672321227914362,125,7.41
25,BOOKS,1688,0.07434834123222749,0.41455390438589035,7.50209890881419e-05,0.00012128505465017211,0.0,0.0,0.0,False,0.2650468040639602,75,4.44
25,BREAD/BAKERY,1688,288.37968507464456,166.463876828987,2.2149232457274456e-07,3.431359413794955e-07,0.0,0.0,0.0,False,0.24638742793649082,102,6.04
25,CELEBRATION,1688,4.45468009478673,6.277861811121078,0.00033148784601552526,6.030644672767968e-05,0.0,0.0,0.0,False,0.26110968896128406,76,4.5
25,CLEANING,1688,469.7959123222749,293.3263884297764,1.4983539006437255e-06,1.637021930891024e-05,0.0,0.0,0.0,False,0.20219115441180435,192,11.37
25,DAIRY,1688,470.1673578199052,315.3870750304695,1.0044125707203796e-06,8.419347379449723e-07,0.0,0.0,0.0,False,0.21463288273432635,118,6.99
25,DELI,1688,126.12368110545025,79.27465775365239,1.850925374045287e-08,2.4672246872848373e-07,0.0,0.0,0.0,False,0.26401430689802485,109,6.46
25,EGGS,1688,107.13092417061611,76.96873500456468,2.156822484641886e-09,3.859305634024007e-08,0.0,0.0,0.0,False,0.21875324533498208,145,8.59
25,FROZEN FOODS,1688,172.2106587588862,250.34051913323063,9.735208209922744e-10,1.3524220546866163e-08,0.0,0.0,0.0,False,0.3097800051572259,203,12.03
25,GROCERY I,1688,1691.8086492890995,972.0500166406301,1.1398101995366396e-08,1.1584872056768983e-07,0.0,0.0,0.0,False,0.20367448986770365,173,10.25
25,GROCERY II,1688,11.545912322274882,9.75227214401692,3.0082310392234264e-07,8.034085648371377e-07,0.0,0.0,0.0,False,0.20401437549234835,74,4.38
25,HARDWARE,1688,0.8344194312796208,1.322476846492813,4.098265508138022e-18,3.624537273878559e-18,0.0,0.0,0.0,False,0.17672991361123336,159,9.42
25,HOME AND KITCHEN I,1688,18.32671800947867,51.97555433451789,7.823734180476472e-17,9.328653580018865e-16,0.0,0.0,0.0,False,0.117484162800495,103,6.1
25,HOME AND KITCHEN II,1688,11.23281990521327,18.806978263485906,0.0002889889831973339,3.8011847131640017e-06,0.0,0.0,0.0,False,0.1580669982603521,95,5.63
25,HOME APPLIANCES,1688,0.13359004739336494,0.431513131754508,0.00031092090891648685,0.0002585678925110325,0.0,0.0,0.0,False,0.49336485328433854,174,10.31
25,HOME CARE,1688,66.29087677725119,74.26278928812611,0.0004130134941340233,1.2217108377834512e-05,0.0,0.0,0.0,False,0.1811086485747807,41,2.43
25,LADIESWEAR,1688,0.0,0.0,,,,,,True,0.0,0,0.0
25,LAWN AND GARDEN,1688,10.207938388625593,14.860515540364853,0.034796507278905285,0.011743711073589323,0.0,0.0,0.0,False,0.22877709983221184,136,8.06
25,LINGERIE,1688,8.587677725118484,10.71132014234794,1.0300973763007167e-06,3.065206782238297e-07,0.0,0.0,0.0,False,0.2326140326064977,109,6.46
25,"LIQUOR,WINE,BEER",1688,175.87766587677726,276.35440623783785,4.9002903037587693e-08,1.3690540472411299e-07,0.0,0.0,0.0,False,0.35189932424660597,185,10.96
25,MAGAZINES,1688,3.3610781990521326,5.6608700057585715,0.023356652122484986,1.905360613662842e-05,0.0,0.0,0.0,False,0.2548695884778017,111,6.58
25,MEATS,1688,201.5958516244076,112.49348790914162,2.1498336468178925e-06,2.2060717898971104e-05,0.0,0.0,0.0,False,0.5059673186709648,101,5.98
25,PERSONAL CARE,1688,106.49674170616113,64.79526020594963,1.7978759327507369e-06,1.2448230166635925e-05,0.0,0.0,0.0,False,0.22341817827264854,85,5.04
25,PET SUPPLIES,1688,2.0802725118483414,2.753385917350919,0.03156359384619413,5.942744951211344e-05,0.0,0.0,0.0,False,0.23559283869095993,98,5.81
25,PLAYERS AND ELECTRONICS,1688,3.2588862559241707,5.681445101269923,8.413867865991838e-05,1.117645692689696e-06,0.0,0.0,0.0,False,0.18683015356734334,123,7.29
25,POULTRY,1688,156.8530660313981,93.40804918738124,6.771322594050023e-05,0.0003827895989967652,0.0,0.0,0.0,False,0.43284528447171455,104,6.16
25,PREPARED FOODS,1688,51.87746743246446,29.870782567410203,6.7382896042681794e-06,1.2639909593085526e-05,0.0,0.0,0.0,False,0.2568246427296762,94,5.57
25,PRODUCE,1688,872.0331390995261,1010.6844936632272,0.008190587485395025,1.950241143187512e-05,0.0,0.0,0.0,False,0.2675641291524098,42,2.49
25,SCHOOL AND OFFICE SUPPLIES,1688,0.33678909952606634,1.6666087437529133,5.195536554001132e-07,1.7516249444614063e-07,0.0,0.0,0.0,False,0.997506934650718,231,13.68
25,SEAFOOD,1688,5.468968008293839,6.292451520373563,9.7295959670282e-08,1.143276856399088e-06,0.0,0.0,0.0,False,0.27708586709652816,124,7.35
26,AUTOMOTIVE,1688,3.574052132701422,2.7062512413877866,0.002979488805841524,0.0010349446719454263,0.0,0.0,0.0,False,0.3134166247514002,49,2.9
26,BABY CARE,1688,0.05687203791469194,0.47991075807938066,0.01126203679389685,0.045342579436105916,0.0,0.0,0.0,False,0.32603319291925936,38,2.25
26,BEAUTY,1688,0.9537914691943128,1.1934656449852346,6.39624709534964e-16,7.366609034592688e-15,0.0,0.0,0.0,False,0.22030809852427624,157,9.3
26,BEVERAGES,1688,795.2191943127962,589.0571572922817,1.91997142423598e-05,1.2207067737876216e-06,0.0,0.0,0.0,False,0.2670354050711251,48,2.84
26,BOOKS,1688,0.008293838862559242,0.09071894316207334,2.2497772794397354e-06,1.0352054513175277e-05,0.0,0.0,0.0,False,0.32966174802877246,14,0.83
26,BREAD/BAKERY,1688,225.5902094194313,77.31374626795233,9.015902213329173e-06,7.851703084721425e-07,0.0,0.0,0.0,False,0.5377334484987399,87,5.15
26,CELEBRATION,1688,4.403436018957346,5.244708857171841,0.0005603041588220647,4.446466483955015e-06,0.0,0.0,0.0,False,0.2704220847798524,25,1.48
26,CLEANING,1688,441.12381516587675,189.871137036902,7.794233789648204e-12,6.696915388163416e-11,0.0,0.0,0.0,False,0.39694678372977465,67,3.97
26,DAIRY,1688,238.24170616113744,127.8768924973834,1.9406756936772525e-05,6.825932380660818e-05,0.0,0.0,0.0,False,0.36252225382982217,81,4.8
26,DELI,1688,91.02547727132702,36.34128462966316,3.1862599561250806e-09,5.984827203758595e-09,0.0,0.0,0.0,False,0.5371948443480213,63,3.73
26,EGGS,1688,41.8281990521327,18.00115549418251,0.003419405055428378,9.725825862301934e-08,0.0,0.0,0.0,False,0.6175377812809157,49,2.9
26,FROZEN FOODS,1688,79.16407849555688,226.18473961731695,5.29924714753771e-09,8.4969558550533e-08,0.0,0.0,0.0,False,0.06191738478130582,141,8.35
26,GROCERY I,1688,1621.0204383886255,1439.8649681767445,1.2773076300211719e-09,2.3639704963453924e-08,0.0,0.0,0.0,False,0.0843104478519563,82,4.86
26,GROCERY II,1688,4.530509478672986,4.744083687155407,2.0148037977225535e-09,9.44045493906053e-09,0.0,0.0,0.0,False,0.24202913865485387,71,4.21
26,HARDWARE,1688,0.8080568720379147,1.2997219224133398,0.0,0.0,0.0,0.0,0.0,False,0.1639464793199259,133,7.88
26,HOME AND KITCHEN I,1688,7.737559241706161,10.331343380351088,3.457935572931975e-05,1.97359649920619e-09,0.0,0.0,0.0,False,0.2182617321281256,74,4.38
26,HOME AND KITCHEN II,1688,5.345082938388626,6.330187514646936,0.00606513382118469,1.1142507105998822e-07,0.0,0.0,0.0,False,0.23512452145091356,49,2.9
26,HOME APPLIANCES,1688,0.20231042654028436,0.5107968769655692,2.186484350829499e-09,1.6184877560469872e-08,0.0,0.0,0.0,False,0.2724308812893017,281,16.65
26,HOME CARE,1688,56.21208530805687,54.894564421254294,0.0005442948160355167,3.866062182621536e-06,0.0,0.0,0.0,False,0.3390499357635157,12,0.71
26,LADIESWEAR,1688,1.1164099526066351,2.0696060929920574,0.00030009621345350956,0.001966381716925848,0.0,0.0,0.0,False,0.3231025295247003,79,4.68
26,LAWN AND GARDEN,1688,1.6365521327014219,6.615499517562643,0.001853863347148516,7.029393106798353e-05,0.0,0.0,0.0,False,0.43694696258161225,278,16.47
26,LINGERIE,1688,3.921208530805687,4.206229378038491,0.031230163847024425,0.0014360913327867637,0.0,0.0,0.0,False,0.28137991397610684,69,4.09
26,"LIQUOR,WINE,BEER",1688,33.83264218009479,130.9619339332886,3.169204142408213e-30,0.0,0.0,0.0,0.0,False,0.027013754691906255,94,5.57
26,MAGAZINES,1688,0.22600710900473933,0.568657925597983,0.003845270544712253,2.019212469733406e-07,0.0,0.0,0.0,False,0.5062305611559479,286,16.94
26,MEATS,1688,280.3689446007109,105.1428220081917,4.10990732591244e-06,4.354704858729895e-07,0.0,0.0,0.0,False,0.49294905808108835,25,1.48
26,PERSONAL CARE,1688,161.28317535545023,106.37010563573757,9.445419061773395e-11,1.3784612287012093e-09,0.0,0.0,0.0,False,0.14721279925081854,90,5.33
26,PET SUPPLIES,1688,0.8951421800947867,1.5452932851766616,0.2158677218748407,0.01696873486363853,1.0,0.0,,True,0.27040554969847497,213,12.62
26,PLAYERS AND ELECTRONICS,1688,1.1759478672985781,1.906567360733685,8.995166034425646e-08,9.991129367908003e-13,0.0,0.0,0.0,False,0.18711067152035565,69,4.09
26,POULTRY,1688,162.79779982997633,73.33392411848276,9.55305001633345e-09,5.876792634332642e-08,0.0,0.0,0.0,False,0.3628329779427697,56,3.32
26,PREPARED FOODS,1688,18.207938388625593,9.282196202727835,0.001938895114632568,0.0024536532390638933,0.0,0.0,0.0,False,0.40248425368120355,28,1.66
26,PRODUCE,1688,335.3659630094787,332.12084876116285,0.008631645748845835,5.723508541790308e-05,0.0,0.0,0.0,False,0.4428416083049814,11,0.65
26,SCHOOL AND OFFICE SUPPLIES,1688,0.5545023696682464,2.6135148476554604,1.84519341651334e-06,5.880803257996575e-06,0.0,0.0,0.0,False,0.999999999995541,247,14.63
26,SEAFOOD,1688,3.406979266172986,2.7614947852882583,1.6877024996003312e-07,2.188212662022242e-06,0.0,0.0,0.0,False,0.24291060308060886,37,2.19
27,AUTOMOTIVE,1688,4.8788507109004735,3.6095338234009837,0.05529287399177927,2.1916164603857476e-06,1.0,0.0,,True,0.4698598398255228,37,2.19
27,BABY CARE,1688,0.052725118483412325,0.28839175963826236,0.004341219358400359,3.126623608899111e-05,0.0,0.0,0.0,False,0.30381870888209317,67,3.97
27,BEAUTY,1688,3.5432464454976302,2.739245069425636,0.012073985601417576,0.007169166056482534,0.0,0.0,0.0,False,0.39810945167820655,61,3.61
27,BEVERAGES,1688,2406.612559241706,1225.4200645840137,0.052235678743128025,1.966908780111364e-05,1.0,0.0,,True,0.7554349236755322,31,1.84
27,BOOKS,1688,0.059537914691943125,0.28211501097107583,0.001363926949201879,0.0007446650514823203,0.0,0.0,0.0,False,1.0,84,4.98
27,BREAD/BAKERY,1688,599.897664235782,202.07978753138596,0.029661957402803526,0.005658311972267937,0.0,0.0,0.0,False,0.7948886167656349,109,6.46
27,CELEBRATION,1688,9.956161137440759,10.460591808615202,0.046681466245622374,5.38733840504304e-05,0.0,0.0,0.0,False,0.47598590085436576,17,1.01
27,CLEANING,1688,790.7461492890995,255.71465227407845,0.0638855623055131,0.0006187420699075306,1.0,0.0,,True,0.7192568425190976,27,1.6
27,DAIRY,1688,792.8421208530806,332.59580555484723,0.37634378027859194,0.007405818142375362,1.0,0.0,,True,0.7811178420199139,45,2.67
27,DELI,1688,249.87745028436018,77.24352994302095,0.16906455879934695,0.0024548635867424717,1.0,0.0,,True,0.7457495184268228,26,1.54
27,EGGS,1688,211.09063981042655,64.7699757008407,0.047053514794269564,0.0032944926104697277,0.0,0.0,0.0,False,0.7808207591247593,56,3.32
27,FROZEN FOODS,1688,161.50622507819904,140.68376189875144,1.2323316516367767e-08,4.0697829196683624e-08,0.0,0.0,0.0,False,0.4624181197774946,64,3.79
27,GROCERY I,1688,3183.2488151658767,1106.3776676917607,0.10284527394210902,1.8709263746209384e-06,1.0,0.0,,True,0.6927538634313233,44,2.61
27,GROCERY II,1688,21.721267772511847,11.095455487539626,5.1448125151553135e-05,0.0004914501009148868,0.0,0.0,0.0,False,0.538953707510158,55,3.26
27,HARDWARE,1688,1.7541469194312795,1.898033639386881,9.464928296545873e-05,4.792344110990948e-10,0.0,0.0,0.0,False,0.23000126484293515,26,1.54
27,HOME AND KITCHEN I,1688,11.924763033175356,13.67032761446011,0.01354759713242477,8.1376479571285e-08,0.0,0.0,0.0,False,0.24150317147101663,43,2.55
27,HOME AND KITCHEN II,1688,14.236670616113743,20.1931133255577,0.002680914811291679,3.784284266166035e-06,0.0,0.0,0.0,False,0.12123496736263906,37,2.19
27,HOME APPLIANCES,1688,0.3308649289099526,0.6353366041674411,5.325235009336786e-08,1.7940019509412841e-07,0.0,0.0,0.0,False,0.21536979894686592,18,1.07
27,HOME CARE,1688,134.58175355450237,119.72642748391576,0.03721044598241211,2.7913451261262846e-05,0.0,0.0,0.0,False,0.6092423491862493,2,0.12
27,LADIESWEAR,1688,4.503554502369668,6.390868498241636,0.08995006590870003,0.0047448027220185545,1.0,0.0,,True,0.5182641604836975,95,5.63
27,LAWN AND GARDEN,1688,13.460900473933648,17.9401778664492,0.25385852283950516,0.027765144332238468,1.0,0.0,,True,0.19367351444287084,176,10.43
27,LINGERIE,1688,6.06457345971564,4.587970501345422,1.7669011075747622e-05,9.941126837863072e-05,0.0,0.0,0.0,False,0.3590473391639093,69,4.09
27,"LIQUOR,WINE,BEER",1688,157.5882701421801,182.3205857753864,2.8850959191561595e-08,4.086876529469706e-07,0.0,0.0,0.0,False,0.6971300376497249,164,9.72
27,MAGAZINES,1688,2.2425947867298577,3.0292397854954514,0.19196485053016915,0.0023250634041999166,1.0,0.0,,True,0.3290015691998409,39,2.31
27,MEATS,1688,267.2109828400474,81.16990529825674,0.12426919872565295,0.002264599732970879,1.0,0.0,,True,0.7307339588171928,11,0.65
27,PERSONAL CARE,1688,203.65906398104266,83.28984871059735,0.03168792373632988,1.0783481934935933e-05,0.0,0.0,0.0,False,0.6980930528602458,57,3.38
27,PET SUPPLIES,1688,5.240225118483412,5.544845393813001,0.10999896804882847,1.4678913862867417e-05,1.0,0.0,,True,0.2884350519197808,11,0.65
27,PLAYERS AND ELECTRONICS,1688,5.566054502369668,6.5689261907812835,0.02142635587039646,1.5388802548702396e-05,0.0,0.0,0.0,False,0.26808585243014715,26,1.54
27,POULTRY,1688,378.080376285545,123.56811114855121,0.10742942524839671,0.32317326151633025,1.0,1.0,1.0,False,0.711373926742056,26,1.54
27,PREPARED FOODS,1688,89.46634276658767,28.98845994975486,0.013602424893808423,0.004016296437708036,0.0,0.0,0.0,False,0.6440609535262197,23,1.36
27,PRODUCE,1688,1646.9028095379147,1456.7089337841046,0.08542800467090134,0.0001413808705426408,1.0,0.0,,True,0.7154564956400752,0,0.0
27,SCHOOL AND OFFICE SUPPLIES,1688,0.6170023696682464,2.54591994709083,1.1522748125182936e-07,2.9941576550191206e-09,0.0,0.0,0.0,False,0.9999999733752452,373,22.1
27,SEAFOOD,1688,23.745460010485782,10.193126702699596,0.0057278171972503355,0.02912630029633194,0.0,0.0,0.0,False,0.5396549348624944,40,2.37
28,AUTOMOTIVE,1688,7.148104265402844,4.7547420521001,0.0004967172517011538,0.0001586599911830937,0.0,0.0,0.0,False,0.3726697141317723,35,2.07
28,BABY CARE,1688,0.025770142180094786,0.22331367517320405,0.0550023055707158,0.13849151068231952,1.0,1.0,1.0,False,0.2626477042714255,32,1.9
28,BEAUTY,1688,1.9446090047393365,2.071137207266512,2.8591711158821005e-05,1.679210922940801e-07,0.0,0.0,0.0,False,0.2717063522349277,67,3.97
28,BEVERAGES,1688,2245.316943127962,1427.2843896948648,0.07665290856895951,2.0098640820173956e-05,1.0,0.0,,True,0.6861509108384276,29,1.72
28,BOOKS,1688,0.0,0.0,,,,,,True,0.0,0,0.0
28,BREAD/BAKERY,1688,562.8394549763033,214.16570181014234,0.007150250057181499,0.0015830348076969667,0.0,0.0,0.0,False,0.8050529761021045,139,8.23
28,CELEBRATION,1688,7.48489336492891,8.183881275601395,0.011495218926891874,3.87704719879499e-05,0.0,0.0,0.0,False,0.4502582149205663,15,0.89
28,CLEANING,1688,1019.4564573459716,431.50989444498384,0.021650125517472064,9.695326146401016e-09,0.0,0.0,0.0,False,0.662559877765981,36,2.13
28,DAIRY,1688,640.9200236966825,345.6245103227807,0.2703722419385736,0.02932215480611924,1.0,0.0,,True,0.8023161800262211,68,4.03
28,DELI,1688,336.5806133542654,138.2498070579462,0.06662046724482015,0.010836346194675368,1.0,0.0,,True,0.6826325502971788,31,1.84
28,EGGS,1688,234.07197867298578,128.45365828333962,0.0838687906985699,0.04983043585198053,1.0,0.0,,True,0.6173417100269842,52,3.08
28,FROZEN FOODS,1688,95.65279477843602,156.4834086083157,3.322404827977862e-10,2.530742599547981e-09,0.0,0.0,0.0,False,0.19541843973211104,108,6.4
28,GROCERY I,1688,3686.7120127369667,1581.5687626389793,0.004438311912465131,5.80479752206784e-12,0.0,0.0,0.0,False,0.6149574266961607,49,2.9
28,GROCERY II,1688,7.224229857819905,5.9380011066144816,0.0021651863783356266,0.0033170057904730633,0.0,0.0,0.0,False,0.34201582405887165,53,3.14
28,HARDWARE,1688,1.2467417061611374,1.6002337705971292,7.757034185879511e-05,6.717680159674822e-05,0.0,0.0,0.0,False,0.2731747512733267,39,2.31
28,HOME AND KITCHEN I,1688,22.37973933649289,33.76994316990279,0.01393973787932078,3.0979174464808935e-20,0.0,0.0,0.0,False,0.077066919126343,21,1.24
28,HOME AND KITCHEN II,1688,10.861670616113743,10.693691532048682,0.06354177803735038,4.697566504429764e-05,1.0,0.0,,True,0.38204896854489967,21,1.24
28,HOME APPLIANCES,1688,0.5177725118483413,0.8612954032000477,0.0002589024694408811,0.00040477236232483145,0.0,0.0,0.0,False,0.22881368059706653,66,3.91
28,HOME CARE,1688,169.14454976303318,157.10874329531356,0.02401776090243732,2.433513747327543e-05,0.0,0.0,0.0,False,0.5613056574292626,4,0.24
28,LADIESWEAR,1688,0.0,0.0,,,,,,True,0.0,0,0.0
28,LAWN AND GARDEN,1688,1.8317535545023698,4.075438452850799,0.052803955586143404,0.007113451326484833,1.0,0.0,,True,0.11192569134532604,142,8.41
28,LINGERIE,1688,7.415284360189573,5.867100847553991,0.002606361316767885,0.0012595181692056472,0.0,0.0,0.0,False,0.39195094042394407,69,4.09
28,"LIQUOR,WINE,BEER",1688,117.67624407582939,192.07763434487387,4.658030317397742e-09,5.389424617356841e-09,0.0,0.0,0.0,False,0.40517676441742434,163,9.66
28,MAGAZINES,1688,0.6608412322274881,1.3088730079532427,0.01119759823991883,6.212702235507365e-06,0.0,0.0,0.0,False,0.6599379994183403,132,7.82
28,MEATS,1688,195.42700788092415,76.70839752710523,0.11599626173478805,0.0010267821500615578,1.0,0.0,,True,0.707243766729388,33,1.95
28,PERSONAL CARE,1688,298.2304502369668,157.78430245897283,0.0011021848439144268,3.0156401144306958e-09,0.0,0.0,0.0,False,0.48482974195377504,78,4.62
28,PET SUPPLIES,1688,2.5639810426540284,3.2801960095294063,0.17716331351614,0.0004529019226035829,1.0,0.0,,True,0.37045090153768556,46,2.73
28,PLAYERS AND ELECTRONICS,1688,3.188388625592417,4.281865955664328,0.012693291319811222,8.60919097262044e-06,0.0,0.0,0.0,False,0.3348529957402594,61,3.61
28,POULTRY,1688,229.16587674851894,93.25909674602212,0.0010577684947401225,0.0013122522552345246,0.0,0.0,0.0,False,0.7279909930438181,53,3.14
28,PREPARED FOODS,1688,64.49538180746445,25.124707374755843,0.10871659173252207,2.858994582363599e-12,1.0,0.0,,True,0.601242051016426,24,1.42
28,PRODUCE,1688,948.6154054206162,928.4578997543443,0.04444723327754646,3.312851756722844e-05,0.0,0.0,0.0,False,0.8063391192446578,3,0.18
28,SCHOOL AND OFFICE SUPPLIES,1688,3.6406990521327014,13.365265077648191,5.014514159386943e-05,8.913937740915901e-05,0.0,0.0,0.0,False,0.3544560880872377,171,10.13
28,SEAFOOD,1688,6.416934478613744,5.067877143440916,0.004336047512146871,0.023578065804199355,0.0,0.0,0.0,False,0.41065029376546014,30,1.78
29,AUTOMOTIVE,1688,3.3053909952606637,4.251769807726142,0.23638458420432412,0.003415542384983537,1.0,0.0,,True,0.6813418520004287,26,1.54
29,BABY CARE,1688,0.22304502369668247,0.7157610631852919,0.004848252802985953,0.00046883199681088894,0.0,0.0,0.0,False,1.0,219,12.97
29,BEAUTY,1688,1.567239336492891,2.2823928955729205,0.30377661454342675,0.0018491353763949554,1.0,0.0,,True,0.679282945188449,40,2.37
29,BEVERAGES,1688,1305.4561611374409,1452.910073860154,0.8266354457362765,0.13181580730403303,1.0,1.0,1.0,False,0.84621674262938,4,0.24
29,BOOKS,1688,0.0,0.0,,,,,,True,0.0,0,0.0
29,BREAD/BAKERY,1688,306.6090047393365,325.74513226342816,0.6574173274504058,0.10965299740195134,1.0,1.0,1.0,False,0.8376104664044526,3,0.18
29,CELEBRATION,1688,4.941943127962086,6.631453603680822,0.6114826836642685,0.04781629294684998,1.0,0.0,,True,0.9999997275880554,36,2.13
29,CLEANING,1688,495.84597156398104,526.312214748399,0.5045541342275943,0.07442429911753035,1.0,1.0,1.0,False,0.5127154486322292,4,0.24
29,DAIRY,1688,356.41913507109007,387.02832372081525,0.7380710523300057,0.2553550647223117,1.0,1.0,1.0,False,0.8214097993778354,1,0.06
29,DELI,1688,146.25704829383886,153.01072852920223,0.671766148996082,0.3101191141695928,1.0,1.0,1.0,False,0.7627471338716447,1,0.06
29,EGGS,1688,100.16232227488152,119.93584538707236,0.7399393372237852,0.11035042009872198,1.0,1.0,1.0,False,0.9050977621121329,27,1.6
29,FROZEN FOODS,1688,52.11578784774881,101.76210976100775,2.0079410638807092e-05,2.068584171800213e-07,0.0,0.0,0.0,False,0.8384695110979521,60,3.55
29,GROCERY I,1688,1840.3184209123224,1975.7515486086872,0.5174038215217642,0.015525110477649859,1.0,0.0,,True,0.6979166124327898,6,0.36
29,GROCERY II,1688,5.493483412322274,7.473463360741677,0.2829876264592531,0.0014050870341444685,1.0,0.0,,True,0.5492781257595696,50,2.96
29,HARDWARE,1688,0.5761255924170616,1.0931613312461415,0.02971642174594784,1.400745273766545e-06,0.0,0.0,0.0,False,0.5326230842236043,106,6.28
29,HOME AND KITCHEN I,1688,12.728969194312796,15.838025970143544,0.38890113476810134,0.007918143571838506,1.0,0.0,,True,0.4717492654220543,32,1.9
29,HOME AND KITCHEN II,1688,9.364928909952607,12.175733681732778,0.053975746819720616,8.109075177061772e-05,1.0,0.0,,True,0.6891771887502611,32,1.9
29,HOME APPLIANCES,1688,0.14514218009478674,0.4832341191558059,5.346399665929306e-10,1.4361309219272712e-10,0.0,0.0,0.0,False,0.9999948427575801,178,10.55
29,HOME CARE,1688,116.72156398104265,134.83919408045787,0.5753585122951819,0.11374250939519137,1.0,1.0,1.0,False,0.567133422842306,9,0.53
29,LADIESWEAR,1688,0.0,0.0,,,,,,True,0.0,0,0.0
29,LAWN AND GARDEN,1688,1.0710900473933649,3.423953177422446,0.5245828395954671,0.13226600400883448,1.0,1.0,1.0,False,0.6839695484654893,228,13.51
29,LINGERIE,1688,2.5118483412322274,3.6463608246158303,0.1857010543036533,0.0037832152878758893,1.0,0.0,,True,0.6622772333330375,60,3.55
29,"LIQUOR,WINE,BEER",1688,62.783471563981045,148.18571653495238,0.0002636801281106987,9.729309119547972e-09,0.0,0.0,0.0,False,0.7604061085195816,167,9.89
29,MAGAZINES,1688,0.6907582938388626,1.281526169798732,0.033116236276953634,3.48996688928791e-08,0.0,0.0,0.0,False,0.5484108261221942,161,9.54
29,MEATS,1688,66.42245969668247,68.61573677097046,0.6035070860619925,0.3198271347997296,1.0,1.0,1.0,False,0.6443987297671827,0,0.0
29,PERSONAL CARE,1688,141.58501184834122,164.54643800852116,0.10149691282099604,0.0009378288370328269,1.0,0.0,,True,0.5681451493230675,19,1.13
29,PET SUPPLIES,1688,2.157879146919431,3.1107949423408487,0.6420342538981302,0.19170329346620607,1.0,1.0,1.0,False,0.9999999951562162,41,2.43
29,PLAYERS AND ELECTRONICS,1688,2.656398104265403,3.811831555905258,0.28303197615987574,0.0182280055817945,1.0,0.0,,True,0.9999999926089389,43,2.55
29,POULTRY,1688,104.68393514573461,108.30061895330465,0.6291025596907223,0.41874528523516896,1.0,1.0,1.0,False,0.702755996049597,0,0.0
29,PREPARED FOODS,1688,35.8188995693128,37.32722605727163,0.7462573525655243,0.5297747273159212,1.0,1.0,1.0,False,0.6589072393891582,0,0.0
29,PRODUCE,1688,594.6256535545024,733.8416302105284,0.7499602515810819,0.35612214162930245,1.0,1.0,1.0,False,0.9999999991468593,22,1.3
29,SCHOOL AND OFFICE SUPPLIES,1688,2.040580568720379,6.7547199783848635,0.002852787772972924,0.004064227628142043,0.0,0.0,0.0,False,0.9999999999126072,130,7.7
29,SEAFOOD,1688,3.5696090047393363,4.839852034824427,0.18486801737915626,0.008873056973175801,1.0,0.0,,True,0.5590540955617821,53,3.14
30,AUTOMOTIVE,1688,3.0864928909952605,2.3854145864416254,1.9869465628488126e-11,8.561171219002445e-11,0.0,0.0,0.0,False,0.24286685910308237,52,3.08
30,BABY CARE,1688,0.06664691943127962,0.3309308793779945,0.004825701909319877,0.0013245282476586826,0.0,0.0,0.0,False,0.9999999999972344,83,4.92
30,BEAUTY,1688,0.5980450236966824,0.9427989797245486,0.0002924453820880694,0.000612191398274088,0.0,0.0,0.0,False,0.21198664325942418,84,4.98
30,BEVERAGES,1688,932.4851895734597,473.60942375063195,0.09838228358010653,3.0130170968028706e-05,1.0,0.0,,True,0.28735431226303165,10,0.59
30,BOOKS,1688,0.0,0.0,,,,,,True,0.0,0,0.0
30,BREAD/BAKERY,1688,152.15373222748815,46.44968057395047,4.762642557036543e-07,1.1700817677063531e-06,0.0,0.0,0.0,False,0.5435163526543283,69,4.09
30,CELEBRATION,1688,2.428909952606635,2.9755941852631955,0.008488009634617474,0.00012858814905057704,0.0,0.0,0.0,False,0.19988296823759188,31,1.84
30,CLEANING,1688,480.4703791469194,354.87104282477145,1.5001531970475876e-06,1.667103199905856e-07,0.0,0.0,0.0,False,0.08481798349754488,90,5.33
30,DAIRY,1688,222.8702606635071,86.75541212824692,0.10682364070589634,0.0028405902625088927,1.0,0.0,,True,0.5330461911010511,12,0.71
30,DELI,1688,104.80479857819905,35.27912184470695,0.0007319894170153503,3.1077541362133326e-06,0.0,0.0,0.0,False,0.41672059716090315,52,3.08
30,EGGS,1688,119.03584123222748,60.54887791070186,0.04596347484834608,0.009406733467220638,0.0,0.0,0.0,False,0.337889052447529,71,4.21
30,FROZEN FOODS,1688,58.69629267979858,178.14321931557558,7.421311325284914e-16,4.1346463947269193e-14,0.0,0.0,0.0,False,0.15017219469699783,87,5.15
30,GROCERY I,1688,1554.9632212677725,561.776933207286,3.1488353103157224e-06,2.827708337468758e-10,0.0,0.0,0.0,False,0.2194273654024872,96,5.69
30,GROCERY II,1688,3.5088862559241707,6.594525702351997,3.544613424103105e-07,4.4283669009431005e-06,0.0,0.0,0.0,False,0.04926651471417387,39,2.31
30,HARDWARE,1688,0.9472748815165877,1.2912563244180912,1.501469364112151e-07,5.983718408888025e-21,0.0,0.0,0.0,False,0.21032219745864167,168,9.95
30,HOME AND KITCHEN I,1688,9.256220379146919,10.041406116805526,0.0021927400289798124,6.081645160812479e-08,0.0,0.0,0.0,False,0.17515552217283015,25,1.48
30,HOME AND KITCHEN II,1688,4.649881516587678,4.665934256655925,0.005079303359571045,4.275824681166901e-06,0.0,0.0,0.0,False,0.21154390509339993,18,1.07
30,HOME APPLIANCES,1688,0.2953199052132701,0.5898936574670461,0.00033229167771209393,4.022156606195646e-06,0.0,0.0,0.0,False,0.22511563272000246,399,23.64
30,HOME CARE,1688,75.79058056872037,66.97394728428067,0.018375393858542657,5.164373631117953e-05,0.0,0.0,0.0,False,0.3380638657472679,9,0.53
30,LADIESWEAR,1688,0.39395734597156395,0.9892781357898963,1.1914532339732713e-07,1.7202172720846964e-08,0.0,0.0,0.0,False,0.5048708347733175,355,21.03
30,LAWN AND GARDEN,1688,0.0,0.0,,,,,,True,0.0,0,0.0
30,LINGERIE,1688,4.071682464454977,3.7067063353376266,3.929461121167909e-05,2.0312732628336637e-05,0.0,0.0,0.0,False,0.22180220700661057,46,2.73
30,"LIQUOR,WINE,BEER",1688,54.80242890995261,67.96958270515499,4.1364110900751335e-10,2.453178777817053e-09,0.0,0.0,0.0,False,0.38658597603646716,105,6.22
30,MAGAZINES,1688,0.3524881516587678,0.7246075117575412,0.04018162417457542,3.2173231400241424e-18,0.0,0.0,0.0,False,0.46613897802580007,408,24.17
30,MEATS,1688,57.685778314869665,26.659736046778765,4.0729538843144106e-08,1.3523869653480139e-10,0.0,0.0,0.0,False,0.8244599257094246,132,7.82
30,PERSONAL CARE,1688,102.96030805687204,70.33756080763254,0.0,0.0,0.0,0.0,0.0,False,0.07701533973399599,132,7.82
30,PET SUPPLIES,1688,0.8409360189573459,1.3166530201661988,0.05482075575204561,7.537361288927458e-05,1.0,0.0,,True,0.23178986256272527,179,10.6
30,PLAYERS AND ELECTRONICS,1688,2.4244668246445498,3.075287228106342,0.04490030909012648,3.851721604054626e-05,0.0,0.0,0.0,False,0.1875250303992706,40,2.37
30,POULTRY,1688,99.04447970675358,32.85007869894175,3.7394432962083755e-05,1.6291964531455838e-05,0.0,0.0,0.0,False,0.36650642728307226,51,3.02
30,PREPARED FOODS,1688,22.72808056872038,8.680343504475282,1.985955671231733e-06,5.920934391194512e-06,0.0,0.0,0.0,False,0.3398679384511889,50,2.96
30,PRODUCE,1688,312.3461886172986,311.6600589965536,0.08054956831757315,2.569141015904179e-05,1.0,0.0,,True,0.8147700628575113,28,1.66
30,SCHOOL AND OFFICE SUPPLIES,1688,0.8021327014218009,4.281161247317534,9.734922186001501e-05,0.0002794060230586534,0.0,0.0,0.0,False,1.0,104,6.16
30,SEAFOOD,1688,3.5494668246445498,3.3919182445450597,0.00623254716643057,0.026996730326496916,0.0,0.0,0.0,False,0.3089413642657123,49,2.9
31,AUTOMOTIVE,1688,7.567239336492891,4.67387005102703,0.001163839433932102,7.79263632393724e-05,0.0,0.0,0.0,False,0.3034957442900331,34,2.01
31,BABY CARE,1688,0.538803317535545,1.4255290270409198,0.0013700267647465696,0.004975256012679089,0.0,0.0,0.0,False,0.41456420631068536,335,19.85
31,BEAUTY,1688,2.5885663507109005,2.3364726668974103,0.00043831021745974706,2.4917771474984823e-07,0.0,0.0,0.0,False,0.30412041446349547,45,2.67
31,BEVERAGES,1688,1812.4967417061612,1075.8032525757517,0.06791713223887183,3.854833232843781e-05,1.0,0.0,,True,0.530886306661183,15,0.89
31,BOOKS,1688,0.0,0.0,,,,,,True,0.0,0,0.0
31,BREAD/BAKERY,1688,466.6282582938389,127.9190105321729,0.012975693312658597,0.00024247973179674433,0.0,0.0,0.0,False,0.6725018956864197,55,3.26
31,CELEBRATION,1688,5.269549763033176,6.182866111104801,0.01791902822436234,0.00012040693128314695,0.0,0.0,0.0,False,0.35604520585194743,29,1.72
31,CLEANING,1688,1250.091528436019,443.50098629229524,0.00013174955483565175,3.2103087256955956e-07,0.0,0.0,0.0,False,0.566161238565493,45,2.67
31,DAIRY,1688,589.3590047393365,256.1389038808535,0.07632985944810923,0.008529289913022651,1.0,0.0,,True,0.6605809528559323,33,1.95
31,DELI,1688,246.63024264395736,83.53541224614465,0.016456844354893706,0.005839365746708489,0.0,0.0,0.0,False,0.5951699327273138,28,1.66
31,EGGS,1688,236.46149289099526,125.43638586178389,0.17366089499626575,0.03002996046489938,1.0,0.0,,True,0.45177492472633574,31,1.84
31,FROZEN FOODS,1688,109.16312246978673,259.16684526200663,5.411953052225702e-10,3.811906589173013e-09,0.0,0.0,0.0,False,0.2654917858275764,121,7.17
31,GROCERY I,1688,3933.4333400473934,1550.4128766364076,6.332907023416368e-07,6.302069849907019e-11,0.0,0.0,0.0,False,0.41742654528814416,57,3.38
31,GROCERY II,1688,9.34478672985782,7.058223189717374,4.597687818281257e-07,7.792371531862191e-08,0.0,0.0,0.0,False,0.2582927695476136,72,4.27
31,HARDWARE,1688,0.7162322274881516,1.0586184073615745,1.2488136092221134e-13,2.3906563094565955e-12,0.0,0.0,0.0,False,0.1672690250378599,95,5.63
31,HOME AND KITCHEN I,1688,14.160248815165877,16.057670641252383,0.05995154282323599,6.451716037362297e-07,1.0,0.0,,True,0.2439985879633838,40,2.37
31,HOME AND KITCHEN II,1688,12.622334123222748,13.746735086936738,0.006689182007463048,1.6061526889900502e-05,0.0,0.0,0.0,False,0.19872895625462672,22,1.3
31,HOME APPLIANCES,1688,0.398696682464455,0.7023447615094822,8.450417405511949e-23,5.58055600515152e-20,0.0,0.0,0.0,False,0.16449358622078103,25,1.48
31,HOME CARE,1688,186.62263033175356,166.26636258937833,0.025264432850405378,9.536140449119641e-05,0.0,0.0,0.0,False,0.44809052200259747,2,0.12
31,LADIESWEAR,1688,1.4339454976303319,2.227686555075016,0.00012264554118417696,3.000678740902975e-05,0.0,0.0,0.0,False,0.2873367438793344,112,6.64
31,LAWN AND GARDEN,1688,1.2005331753554502,3.4754938086657,5.9110402629793145e-09,1.113627645085225e-11,0.0,0.0,0.0,False,0.03748527790536227,213,12.62
31,LINGERIE,1688,12.072274881516588,8.378447895121832,0.002711114894595752,0.017913255107184195,0.0,0.0,0.0,False,0.2831103822833638,38,2.25
31,"LIQUOR,WINE,BEER",1688,30.593898104265403,43.059809848112266,2.2219341264189677e-11,3.9651649426796433e-10,0.0,0.0,0.0,False,0.2373767253492568,134,7.94
31,MAGAZINES,1688,0.6436611374407583,1.1969414128534304,0.02533201219599067,8.109810869835186e-08,0.0,0.0,0.0,False,0.4750767841522947,134,7.94
31,MEATS,1688,304.9232272902844,110.31379704403913,0.04519116563884003,1.9744405604090007e-05,0.0,0.0,0.0,False,0.7651671618017147,65,3.85
31,PERSONAL CARE,1688,295.31131516587675,129.4918209222571,7.57190240448409e-05,2.1485456934267504e-08,0.0,0.0,0.0,False,0.46055827865814436,65,3.85
31,PET SUPPLIES,1688,1.4860781990521328,2.097140463935554,0.454518020877773,0.026072853370731484,1.0,0.0,,True,0.2463682996774299,103,6.1
31,PLAYERS AND ELECTRONICS,1688,4.702902843601896,5.365964208658021,0.013837513217463114,2.035560232123883e-05,0.0,0.0,0.0,False,0.2914150569985341,19,1.13
31,POULTRY,1688,138.64039969964455,75.753165717968,3.5338483540606114e-05,0.0002578966044536051,0.0,0.0,0.0,False,0.31505954796915314,33,1.95
31,PREPARED FOODS,1688,72.34105450118483,25.66927659063952,0.0296336705358583,0.04857957886229903,0.0,0.0,0.0,False,0.4333241247896026,22,1.3
31,PRODUCE,1688,807.5042181635071,777.3023200446166,0.022165075402343665,3.2668673486198925e-05,0.0,0.0,0.0,False,0.7456411098733199,5,0.3
31,SCHOOL AND OFFICE SUPPLIES,1688,2.5817535545023698,12.163593389907287,0.0005703909561093515,0.0012640817813131305,0.0,0.0,0.0,False,0.8738022907249979,261,15.46
31,SEAFOOD,1688,5.259182464454977,4.332700385782345,0.00018013264708977356,0.0011206677966212606,0.0,0.0,0.0,False,0.21871964251079012,66,3.91
32,AUTOMOTIVE,1688,1.840936018957346,1.833793513221864,0.0,0.0,0.0,0.0,0.0,False,0.21194391791610312,18,1.07
32,BABY CARE,1688,0.043246445497630334,0.29200268112575833,5.945886224758445e-09,6.362735054169957e-08,0.0,0.0,0.0,False,0.9999999993201953,54,3.2
32,BEAUTY,1688,0.25859004739336494,0.5319520617838022,6.312254846657142e-05,3.741509056190627e-05,0.0,0.0,0.0,False,0.28048543730960773,368,21.8
32,BEVERAGES,1688,601.7689573459716,437.0296661566431,0.026764984502469603,8.483429096307055e-07,0.0,0.0,0.0,False,0.2868406100141586,36,2.13
32,BOOKS,1688,0.0,0.0,,,,,,True,0.0,0,0.0
32,BREAD/BAKERY,1688,99.53524881516587,36.740346813722226,4.069662293180127e-10,1.7441530389031293e-09,0.0,0.0,0.0,False,0.4244025063490271,70,4.15
32,CELEBRATION,1688,2.241706161137441,3.9055144609457977,2.0558833279323847e-05,3.7044907799727407e-08,0.0,0.0,0.0,False,0.12894137284801133,33,1.95
32,CLEANING,1688,451.6877962085308,382.99823714393995,0.00047191341070506676,0.00014564773162731586,0.0,0.0,0.0,False,0.06521648562003846,69,4.09
32,DAIRY,1688,144.10752369668248,65.30546633085629,0.07171365316872676,0.01318473273525273,1.0,0.0,,True,0.48789863200103856,31,1.84
32,DELI,1688,97.0263625592417,35.236743372521765,0.011664399097306809,0.00017627950091241089,0.0,0.0,0.0,False,0.4737399325662255,43,2.55
32,EGGS,1688,133.83678909952607,92.36018057141777,0.47049964970272445,0.19957688079850494,1.0,1.0,1.0,False,0.7525233864856297,67,3.97
32,FROZEN FOODS,1688,28.96234297541469,69.32735380709445,1.0384389895724435e-15,4.7796185622202983e-14,0.0,0.0,0.0,False,0.13859737819872076,87,5.15
32,GROCERY I,1688,1472.8197372630332,916.6229542553558,0.00015536610013464332,2.7367004434125678e-05,0.0,0.0,0.0,False,0.07029856222996667,95,5.63
32,GROCERY II,1688,1.7544431279620853,1.9732152315582598,5.278075908687509e-10,1.0269150251231268e-08,0.0,0.0,0.0,False,0.25050572918881,34,2.01
32,HARDWARE,1688,0.4908175355450237,0.8190122550841572,4.554760476517638e-19,0.0,0.0,0.0,0.0,False,0.15962669213172564,54,3.2
32,HOME AND KITCHEN I,1688,7.167654028436019,9.490770292910241,0.0001055726841795368,4.556236271894548e-07,0.0,0.0,0.0,False,0.19372261718176198,51,3.02
32,HOME AND KITCHEN II,1688,2.3649289099526065,2.771232500906008,0.007011033063291509,1.8003928449647549e-06,0.0,0.0,0.0,False,0.21479484564702733,26,1.54
32,HOME APPLIANCES,1688,0.1735781990521327,0.44204192072535003,5.503111486057663e-15,4.3503018074778695e-16,0.0,0.0,0.0,False,0.34245324618493267,254,15.05
32,HOME CARE,1688,60.78702606635071,52.79155465563047,0.00408926149044147,1.5157532331187959e-05,0.0,0.0,0.0,False,0.2827780770079046,3,0.18
32,LADIESWEAR,1688,0.0,0.0,,,,,,True,0.0,0,0.0
32,LAWN AND GARDEN,1688,0.00533175355450237,0.10599128208440242,2.2204620663987417e-12,6.325601193062074e-11,0.0,0.0,0.0,False,0.255864034103527,5,0.3
32,LINGERIE,1688,2.306575829383886,2.525694515375783,0.001878264192244011,1.3644696895695582e-05,0.0,0.0,0.0,False,0.22202352070112163,81,4.8
32,"LIQUOR,WINE,BEER",1688,75.98726303317535,132.13223890214735,2.424164733420461e-07,1.492619278661898e-06,0.0,0.0,0.0,False,0.46937539733085276,171,10.13
32,MAGAZINES,1688,0.0995260663507109,0.3588822310336329,2.0891277169014686e-06,1.2791648411572388e-20,0.0,0.0,0.0,False,0.48050826162032867,144,8.53
32,MEATS,1688,59.72140553909953,19.762610234751005,0.008275272460392844,0.020093377623138765,0.0,0.0,0.0,False,0.5066760095023659,51,3.02
32,PERSONAL CARE,1688,99.71001184834124,41.474489204469336,1.9961601071000736e-13,1.9862008474879763e-12,0.0,0.0,0.0,False,0.23355194099584997,69,4.09
32,PET SUPPLIES,1688,0.12825829383886256,0.4272727364764012,0.2083193360361859,0.10282211840327654,1.0,1.0,1.0,False,0.4999899485498269,171,10.13
32,PLAYERS AND ELECTRONICS,1688,0.8145734597156398,1.384232809176473,2.229494280579633e-11,9.749187212318317e-16,0.0,0.0,0.0,False,0.15928665144425336,172,10.19
32,POULTRY,1688,63.58356075829384,24.958957095313373,7.350329743347968e-09,1.1650489824650032e-07,0.0,0.0,0.0,False,0.34784752815759945,51,3.02
32,PREPARED FOODS,1688,11.476895734597157,5.293384208646612,0.0014355613550971408,0.008659866117501233,0.0,0.0,0.0,False,0.3655121742725199,17,1.01
32,PRODUCE,1688,118.16600829620852,116.13599326731747,0.03944082788058933,4.46261135899223e-05,0.0,0.0,0.0,False,0.5903331901690394,8,0.47
32,SCHOOL AND OFFICE SUPPLIES,1688,0.8270142180094787,4.609433907052442,0.0003155086338480373,0.0009196513112012674,0.0,0.0,0.0,False,0.2923475911887343,114,6.75
32,SEAFOOD,1688,1.372037914691943,1.9401018968670956,0.016064097894806027,0.06415597201604399,0.0,1.0,,True,0.2171865121533575,70,4.15
33,AUTOMOTIVE,1688,7.703791469194313,4.820205185342928,0.0011147012463538588,4.075435529570361e-07,0.0,0.0,0.0,False,0.30669828634982566,36,2.13
33,BABY CARE,1688,0.1481042654028436,0.5479248634498508,0.02810033791700703,0.05755671381850755,0.0,1.0,,True,0.2868411438225277,159,9.42
33,BEAUTY,1688,1.0998222748815165,1.3530421817640275,1.258936414121373e-05,4.0282096781234755e-07,0.0,0.0,0.0,False,0.225629317671026,19,1.13
33,BEVERAGES,1688,1359.1238151658767,767.7386549712513,0.014733027275419763,4.1156138252966235e-05,0.0,0.0,0.0,False,0.37813830637579304,8,0.47
33,BOOKS,1688,0.0,0.0,,,,,,True,0.0,0,0.0
33,BREAD/BAKERY,1688,275.23755924170615,90.04789853227823,0.0005909400455380133,0.0025920158852159847,0.0,0.0,0.0,False,0.5621309118092404,37,2.19
33,CELEBRATION,1688,5.0302132701421804,8.324728345668564,0.0006326101032600703,1.897756738147323e-13,0.0,0.0,0.0,False,0.09964306623823194,103,6.1
33,CLEANING,1688,1066.5530213270142,328.7945723080719,3.822118302008554e-06,4.22761116136859e-05,0.0,0.0,0.0,False,0.6292887139579345,22,1.3
33,DAIRY,1688,385.35663507109007,156.49701919148276,0.15128712113813386,0.36805375426273057,1.0,1.0,1.0,False,0.6755897708718095,18,1.07
33,DELI,1688,198.52251184834122,58.09286580832796,0.00017878524330064085,0.0013329087832771236,0.0,0.0,0.0,False,0.5340785558469545,35,2.07
33,EGGS,1688,170.4795616113744,154.43199757834415,0.010808162267754332,0.031642926906050556,0.0,0.0,0.0,False,0.7341593862950488,40,2.37
33,FROZEN FOODS,1688,76.49184269964455,151.5075260566987,1.7017934111370866e-15,3.958061543324539e-14,0.0,0.0,0.0,False,0.31986110575504256,136,8.06
33,GROCERY I,1688,3071.0084392772515,950.9027206191432,1.592948312196899e-09,1.8885369750858436e-09,0.0,0.0,0.0,False,0.5367587010795958,44,2.61
33,GROCERY II,1688,3.1187796208530805,3.434063014621744,4.281233259249677e-11,2.564565968189019e-10,0.0,0.0,0.0,False,0.2250630942279851,111,6.58
33,HARDWARE,1688,0.7387440758293838,1.08917346490687,3.3296093286728807e-09,1.0923095475729214e-10,0.0,0.0,0.0,False,0.248180511648175,111,6.58
33,HOME AND KITCHEN I,1688,29.742890995260662,31.36485215360708,0.0016765943860050751,0.00136283433335,0.0,0.0,0.0,False,0.21466495084438297,31,1.84
33,HOME AND KITCHEN II,1688,11.596563981042655,12.877604479777114,0.07262414338282498,0.028773836003881694,1.0,0.0,,True,0.1806051155171512,32,1.9
33,HOME APPLIANCES,1688,0.17505924170616113,0.4499357749569895,2.518679984596414e-11,3.696894717642379e-10,0.0,0.0,0.0,False,0.4421728673064361,252,14.93
33,HOME CARE,1688,145.46534360189574,134.05366070860583,0.002421581547103522,6.772646165503958e-05,0.0,0.0,0.0,False,0.36859433839594746,3,0.18
33,LADIESWEAR,1688,0.0,0.0,,,,,,True,0.0,0,0.0
33,LAWN AND GARDEN,1688,0.030805687203791468,0.5336335192047551,2.024463537060193e-30,0.0,0.0,0.0,0.0,False,1.0,10,0.59
33,LINGERIE,1688,12.610189573459715,8.172416078006961,0.008076260561143241,0.032718832536301624,0.0,0.0,0.0,False,0.31061795560474326,36,2.13
33,"LIQUOR,WINE,BEER",1688,64.70527251184834,87.61386738860223,1.5371081224284257e-07,8.657208695281622e-07,0.0,0.0,0.0,False,0.38960209221335973,100,5.92
33,MAGAZINES,1688,0.9058056872037915,1.5433900408443344,0.014041559490180825,1.615731135535201e-06,0.0,0.0,0.0,False,0.3289534447470571,231,13.68
33,MEATS,1688,251.57270803672986,87.4237950780132,0.011412640939580755,8.839446908855251e-05,0.0,0.0,0.0,False,0.7507029300617754,20,1.18
33,PERSONAL CARE,1688,238.5989336492891,85.88547459806999,2.6963476956566534e-08,6.838852906720603e-08,0.0,0.0,0.0,False,0.5393194621227367,39,2.31
33,PET SUPPLIES,1688,0.6765402843601895,1.3017909771649274,0.33701726403030063,0.009333111583567005,1.0,0.0,,True,0.5068405778419106,141,8.35
33,PLAYERS AND ELECTRONICS,1688,3.0704976303317535,3.7612987879997637,0.009363902399855422,1.6623757661827145e-06,0.0,0.0,0.0,False,0.22818612977088504,44,2.61
33,POULTRY,1688,211.89650118542653,87.92203366944061,0.014622011540855299,0.029761573922317625,0.0,0.0,0.0,False,0.5436180182653196,12,0.71
33,PREPARED FOODS,1688,37.14751184834123,12.976490747577705,6.770430708709329e-06,7.017544381106602e-05,0.0,0.0,0.0,False,0.37044739048810127,26,1.54
33,PRODUCE,1688,802.7100058056873,732.2251125840075,0.010073587937225417,4.1799559395619166e-05,0.0,0.0,0.0,False,0.5331382523979127,5,0.3
33,SCHOOL AND OFFICE SUPPLIES,1688,1.066350710900474,5.817546416426661,1.1223548186029228e-07,3.431756791822973e-07,0.0,0.0,0.0,False,0.3442200651830474,109,6.46
33,SEAFOOD,1688,1.6170023696682465,2.1901517504448407,0.0012603552755376026,0.007981778980509094,0.0,0.0,0.0,False,0.16647475426566172,75,4.44
34,AUTOMOTIVE,1688,3.3317535545023698,2.9108689896206994,3.6939845234571716e-09,3.045723548334517e-10,0.0,0.0,0.0,False,0.15478081241061226,63,3.73
34,BABY CARE,1688,0.1872037914691943,0.6014917249113009,0.0028333429941099254,0.00010680000399970827,0.0,0.0,0.0,False,0.5131280152109634,214,12.68
34,BEAUTY,1688,2.741409952606635,2.4313789711664096,4.81931626544466e-05,9.846128218977455e-06,0.0,0.0,0.0,False,0.2079518661986105,38,2.25
34,BEVERAGES,1688,2247.433353080569,913.5144263470469,0.004348078040568258,0.00014324992318390554,0.0,0.0,0.0,False,0.4168518250246759,24,1.42
34,BOOKS,1688,0.0,0.0,,,,,,True,0.0,0,0.0
34,BREAD/BAKERY,1688,684.4638625592418,132.77134878601066,7.925028428339652e-05,1.6845705635720654e-05,0.0,0.0,0.0,False,0.3894420569278588,44,2.61
34,CELEBRATION,1688,6.956161137440758,8.459893732811466,0.0001234411732162025,7.559761788790764e-05,0.0,0.0,0.0,False,0.29710882515737713,43,2.55
34,CLEANING,1688,914.8986966824644,207.30024440899453,4.991529320091228e-07,5.807565125322555e-06,0.0,0.0,0.0,False,0.3703928275311833,34,2.01
34,DAIRY,1688,570.7316350710901,227.4684705975691,0.13306610715666545,0.2527944003778312,1.0,1.0,1.0,False,0.49218711642963653,22,1.3
34,DELI,1688,251.37629908175356,52.30090300242831,7.401578260209327e-05,0.0006650301706746935,0.0,0.0,0.0,False,0.37029629931775665,24,1.42
34,EGGS,1688,114.84241706161137,94.97358564217895,0.0317515041668524,0.0018423586943134276,0.0,0.0,0.0,False,0.5960929798943437,67,3.97
34,FROZEN FOODS,1688,129.2404706113744,174.81369658253314,1.2495168169978495e-10,2.7792219861733775e-09,0.0,0.0,0.0,False,0.14716229803397718,89,5.27
34,GROCERY I,1688,3800.587926540284,1019.693806736967,1.7612459232022768e-11,1.1532245985946696e-10,0.0,0.0,0.0,False,0.32791754763524184,37,2.19
34,GROCERY II,1688,5.851599526066351,6.432936868366472,4.234444907610535e-15,1.1176750379520145e-13,0.0,0.0,0.0,False,0.17304856061314844,62,3.67
34,HARDWARE,1688,1.8196090047393365,1.9939625740856457,6.958459383438824e-06,1.6615259114008166e-05,0.0,0.0,0.0,False,0.16758815234470859,34,2.01
34,HOME AND KITCHEN I,1688,24.627962085308056,30.721706856764804,0.0001778980898101047,1.0704155871701962e-07,0.0,0.0,0.0,False,0.11202904918146706,52,3.08
34,HOME AND KITCHEN II,1688,22.4478672985782,19.214709100951485,0.05358298966626644,0.0014020840426159742,1.0,0.0,,True,0.2606896322320612,3,0.18
34,HOME APPLIANCES,1688,0.6572867298578199,0.9329921949387817,5.085380307087352e-13,1.2658975859328082e-11,0.0,0.0,0.0,False,0.15879255041616092,80,4.74
34,HOME CARE,1688,151.22778436018956,127.36141664049704,0.0004288658767412782,3.5406749291157524e-06,0.0,0.0,0.0,False,0.21905712410432931,0,0.0
34,LADIESWEAR,1688,3.4493483412322274,4.358485464500848,0.0202958817577149,0.0006738319404588276,0.0,0.0,0.0,False,0.3029983268833448,27,1.6
34,LAWN AND GARDEN,1688,2.045616113744076,5.288000057799481,0.07043944988943876,0.04329495120985294,1.0,0.0,,True,0.11820755528544868,195,11.55
34,LINGERIE,1688,10.273400473933648,8.48666360865382,0.00047592955123421554,0.00016942358064333602,0.0,0.0,0.0,False,0.21676289800138737,69,4.09
34,"LIQUOR,WINE,BEER",1688,53.362855450236964,61.4577218211865,8.733446672848666e-07,1.91809728817405e-06,0.0,0.0,0.0,False,0.44405779630530895,115,6.81
34,MAGAZINES,1688,1.07760663507109,1.703031491226768,0.07113265476042689,1.1034765742929334e-05,1.0,0.0,,True,0.5245872487369007,51,3.02
34,MEATS,1688,184.2012487956161,42.81721854837519,4.661439706978819e-06,5.850323290036817e-07,0.0,0.0,0.0,False,0.3843509724102585,43,2.55
34,PERSONAL CARE,1688,317.84004739336496,94.22915450255759,4.949415781796112e-09,8.326980666697583e-08,0.0,0.0,0.0,False,0.30265385092586405,48,2.84
34,PET SUPPLIES,1688,1.5784952606635072,2.114231756583602,0.016585775589546378,7.241199009651898e-05,0.0,0.0,0.0,False,0.18950170157832402,33,1.95
34,PLAYERS AND ELECTRONICS,1688,3.779620853080569,4.375154766157202,0.00017220244531519194,1.6893514875521696e-08,0.0,0.0,0.0,False,0.190626680815836,22,1.3
34,POULTRY,1688,140.75639788803318,48.83660027250339,1.5521469977404056e-05,0.00010386990829336872,0.0,0.0,0.0,False,0.3038864443301915,59,3.5
34,PREPARED FOODS,1688,34.96419668009479,11.941899842783787,1.0531265855299228e-09,1.2751328188894655e-08,0.0,0.0,0.0,False,0.266395676316578,27,1.6
34,PRODUCE,1688,467.40351883886257,418.6280844807631,0.005495929238585338,3.7415095479360088e-06,0.0,0.0,0.0,False,0.6360279810373128,0,0.0
34,SCHOOL AND OFFICE SUPPLIES,1688,4.688981042654029,14.456385667664463,1.0668842399167594e-08,7.903860759883697e-09,0.0,0.0,0.0,False,0.294635699454014,117,6.93
34,SEAFOOD,1688,3.1362559241706163,3.135372992812017,1.2901086284770482e-05,9.726294217200158e-06,0.0,0.0,0.0,False,0.19365776751561892,42,2.49
35,AUTOMOTIVE,1688,4.4114336492890995,3.109111352593655,0.0005607322880576544,1.1114139633413587e-05,0.0,0.0,0.0,False,0.245775704181473,33,1.95
35,BABY CARE,1688,0.0533175355450237,0.34362810382873143,7.066940789847781e-05,0.0002448868731461953,0.0,0.0,0.0,False,0.9999999999999677,53,3.14
35,BEAUTY,1688,0.2674763033175355,0.544947395563386,2.2318168205837747e-23,1.174111195565005e-20,0.0,0.0,0.0,False,0.17894249732709955,377,22.33
35,BEVERAGES,1688,1118.6786137440758,611.2721417156797,0.14403508219252759,0.004469112845345924,1.0,0.0,,True,0.3564556937961243,20,1.18
35,BOOKS,1688,0.0,0.0,,,,,,True,0.0,0,0.0
35,BREAD/BAKERY,1688,93.13625592417061,36.41828850296436,0.00012647229359305878,0.00022380054502111794,0.0,0.0,0.0,False,0.4356880335955129,67,3.97
35,CELEBRATION,1688,1.5657582938388626,2.373934831727652,0.0082910741597564,0.0002102100934141508,0.0,0.0,0.0,False,0.25108592079788716,123,7.29
35,CLEANING,1688,474.8584123222749,158.33751862622313,0.001398751831971463,1.2730901170291136e-05,0.0,0.0,0.0,False,0.4387624569823543,29,1.72
35,DAIRY,1688,158.34715639810426,72.82203000162129,0.17129282501170023,0.13834142384511222,1.0,1.0,1.0,False,0.47081081789342494,14,0.83
35,DELI,1688,82.13151658767772,33.50739156453573,0.0717332771056026,0.00044055259849322485,1.0,0.0,,True,0.3851432282223771,16,0.95
35,EGGS,1688,167.3853672985782,171.79521118814625,0.20594810556662518,0.5199162572633986,1.0,1.0,1.0,False,0.7133021538090776,115,6.81
35,FROZEN FOODS,1688,53.65944018779621,62.671992419370135,2.8662853633595044e-08,5.309407558755729e-09,0.0,0.0,0.0,False,0.3913315041720553,153,9.06
35,GROCERY I,1688,1737.8729354265402,1664.7653881741865,0.0,0.0,0.0,0.0,0.0,False,0.029765390577141115,30,1.78
35,GROCERY II,1688,3.0029620853080567,2.99460938228081,1.9057808604211394e-07,1.322724974373929e-06,0.0,0.0,0.0,False,0.26811826380369597,80,4.74
35,HARDWARE,1688,0.6475118483412322,1.0871261390941434,2.4384628408340353e-13,1.1628832626978982e-21,0.0,0.0,0.0,False,0.1555092175320788,93,5.51
35,HOME AND KITCHEN I,1688,7.180094786729858,10.31805271007185,0.000196007917421969,6.876866748173629e-14,0.0,0.0,0.0,False,0.1386211083946911,67,3.97
35,HOME AND KITCHEN II,1688,5.826421800947867,6.637789534459534,0.0004591095084777046,1.0578044944240723e-05,0.0,0.0,0.0,False,0.17882252007684463,33,1.95
35,HOME APPLIANCES,1688,0.1993483412322275,0.47283608946620465,4.8745137519029034e-21,2.6304967744635478e-18,0.0,0.0,0.0,False,0.2424327860199178,288,17.06
35,HOME CARE,1688,65.06990521327015,57.2899180247455,0.021458623743148043,0.00010678490342316631,0.0,0.0,0.0,False,0.3549442693177203,1,0.06
35,LADIESWEAR,1688,0.0,0.0,,,,,,True,0.0,0,0.0
35,LAWN AND GARDEN,1688,0.052132701421800945,0.9326496670599476,0.0,0.0,0.0,0.0,0.0,False,1.0,8,0.47
35,LINGERIE,1688,1.5156990521327014,2.442198905099227,9.047289762768766e-07,1.0447129084418777e-09,0.0,0.0,0.0,False,0.2285805153599194,112,6.64
35,"LIQUOR,WINE,BEER",1688,45.074644549763036,80.05198405429736,2.8456222645103623e-08,2.0338894086624753e-08,0.0,0.0,0.0,False,0.3052604574319272,180,10.66
35,MAGAZINES,1688,0.28110189573459715,0.6306098094360139,0.03860463012552537,1.2822135771938628e-13,0.0,0.0,0.0,False,0.4683065614024562,344,20.38
35,MEATS,1688,161.2092037529621,56.135099395302944,0.03579324731938962,2.2151415526632686e-05,0.0,0.0,0.0,False,0.5666850349996142,39,2.31
35,PERSONAL CARE,1688,87.41409952606635,35.2457461640733,1.2994682896284653e-09,5.283227068631059e-11,0.0,0.0,0.0,False,0.3985941864948843,33,1.95
35,PET SUPPLIES,1688,0.27191943127962087,0.7359387188423492,0.16796777735559848,0.016859724253579414,1.0,0.0,,True,0.44823895629849597,287,17.0
35,PLAYERS AND ELECTRONICS,1688,0.7085308056872038,1.302975746181861,0.00022379847087463563,1.3531339397520044e-05,0.0,0.0,0.0,False,0.26360949613840445,140,8.29
35,POULTRY,1688,56.47801969200236,30.914918691249852,0.016554377301224783,0.08912219884831224,0.0,1.0,,True,0.462128582920463,25,1.48
35,PREPARED FOODS,1688,17.377962085308056,8.406142086089872,0.002866237600506542,6.604476999015819e-05,0.0,0.0,0.0,False,0.3129429134064474,31,1.84
35,PRODUCE,1688,218.3474324407583,211.40614393020843,0.09022109187949029,6.78636339932201e-05,1.0,0.0,,True,0.6516532529883265,7,0.41
35,SCHOOL AND OFFICE SUPPLIES,1688,0.7482227488151659,3.982921057107786,1.2152630861438928e-05,3.889915035143338e-05,0.0,0.0,0.0,False,0.2698469770163505,127,7.52
35,SEAFOOD,1688,0.548281990521327,1.2935513345022678,1.0014740328174703e-06,1.1616560814287277e-05,0.0,0.0,0.0,False,0.2580848343489196,417,24.7
36,AUTOMOTIVE,1688,3.6709123222748814,3.120000854481334,6.556515445960975e-05,6.821884331851901e-16,0.0,0.0,0.0,False,0.22026462471765085,36,2.13
36,BABY CARE,1688,0.03880331753554502,0.2630228529285403,3.1970414789073883e-07,3.349279675837925e-07,0.0,0.0,0.0,False,1.0,49,2.9
36,BEAUTY,1688,1.349526066350711,1.6165049018545132,0.0002265606946588852,2.791627538769947e-07,0.0,0.0,0.0,False,0.2300496254993719,44,2.61
36,BEVERAGES,1688,1964.5204383886255,1160.361360519084,0.10878335330517752,4.97694454085284e-05,1.0,0.0,,True,0.4058305010119311,3,0.18
36,BOOKS,1688,0.0,0.0,,,,,,True,0.0,0,0.0
36,BREAD/BAKERY,1688,455.8169431279621,182.09056993217845,0.004972965792802607,0.01764996228214529,0.0,0.0,0.0,False,0.3635062488692209,161,9.54
36,CELEBRATION,1688,4.802725118483412,6.043794304377896,0.016722251627633786,0.0005923345442942557,0.0,0.0,0.0,False,0.24620560174795614,34,2.01
36,CLEANING,1688,814.9928909952606,358.50100792339987,0.011473581334777433,0.01653245272002279,0.0,0.0,0.0,False,0.2931290246898237,166,9.83
36,DAIRY,1688,494.18009478672985,244.70942296955337,0.11631084844310963,0.08076103903248372,1.0,1.0,1.0,False,0.5913648005041061,8,0.47
36,DELI,1688,196.55828261018954,92.50896672341102,0.04353416372229307,0.11315917289745941,0.0,1.0,,True,0.39771185957531874,19,1.13
36,EGGS,1688,109.72748815165876,63.609334130998974,0.04517460041637696,0.003886233178886526,0.0,0.0,0.0,False,0.25701500898366947,40,2.37
36,FROZEN FOODS,1688,99.06489063388626,173.22984091621495,3.7833457058891874e-08,1.8260603174863377e-08,0.0,0.0,0.0,False,0.1441700654597583,158,9.36
36,GROCERY I,1688,3196.4496531398104,1416.3465331028997,0.0028963483037702724,0.00014702922996904415,0.0,0.0,0.0,False,0.3746899051547993,166,9.83
36,GROCERY II,1688,5.873518957345971,6.781903738257651,4.859915023770622e-15,5.60952703858728e-14,0.0,0.0,0.0,False,0.1664288022328062,66,3.91
36,HARDWARE,1688,0.4825236966824645,0.8747035907646552,2.642014475154702e-14,8.412122380163401e-13,0.0,0.0,0.0,False,0.16863672804492824,52,3.08
36,HOME AND KITCHEN I,1688,20.29828199052133,37.930098758510155,6.886876535298206e-09,3.294779432788957e-11,0.0,0.0,0.0,False,0.04176310409108108,61,3.61
36,HOME AND KITCHEN II,1688,10.733708530805687,12.657848686238944,0.11974923261094866,0.19918271216755262,1.0,1.0,1.0,False,0.2145554315896645,46,2.73
36,HOME APPLIANCES,1688,0.18572274881516587,0.5066399175684515,7.09094155552102e-11,7.378092856881498e-10,0.0,0.0,0.0,False,0.3509910379705745,242,14.34
36,HOME CARE,1688,141.4022511848341,125.37670651568146,0.05824274305286257,0.00034418901832361656,1.0,0.0,,True,0.2339965115708026,5,0.3
36,LADIESWEAR,1688,0.05509478672985782,0.3707409272148224,2.0633759930968808e-08,2.1763086516291613e-07,0.0,0.0,0.0,False,0.9999999999957326,51,3.02
36,LAWN AND GARDEN,1688,8.062796208530806,12.727487618535006,0.43499051677578443,0.13214973677917446,1.0,1.0,1.0,False,0.26789667524357264,144,8.53
36,LINGERIE,1688,2.9727488151658767,3.3694420257084596,2.8137631153026816e-15,1.6476354109613976e-13,0.0,0.0,0.0,False,0.16199967460776388,98,5.81
36,"LIQUOR,WINE,BEER",1688,120.12529620853081,203.0630371724738,2.404667712663141e-06,1.8673609772347574e-05,0.0,0.0,0.0,False,0.29787718388787543,158,9.36
36,MAGAZINES,1688,0.5870853080568721,1.0709004514662352,0.03466456992137505,3.7343650127468026e-06,0.0,0.0,0.0,False,0.520578238196138,114,6.75
36,MEATS,1688,189.6637900592417,91.43068488347318,0.04784834134868222,0.014832492289023612,0.0,0.0,0.0,False,0.5933080476246835,191,11.32
36,PERSONAL CARE,1688,221.27813981042655,104.84907340576748,0.0044271671890677685,0.004709760836708551,0.0,0.0,0.0,False,0.27646575599981593,39,2.31
36,PET SUPPLIES,1688,1.122037914691943,1.7633158715379669,0.27710902998414044,0.002452241766734422,1.0,0.0,,True,0.2645041244636325,53,3.14
36,PLAYERS AND ELECTRONICS,1688,3.082345971563981,3.9882796511958167,0.0036495275323510375,1.0486182914345651e-13,0.0,0.0,0.0,False,0.20218598130222076,42,2.49
36,POULTRY,1688,113.82945385071092,60.8129107920212,0.0007351185609613948,0.0009365489306457767,0.0,0.0,0.0,False,0.2047399321481379,172,10.19
36,PREPARED FOODS,1688,49.193489056279624,25.258322380865135,0.00971514287450361,0.022508619043373243,0.0,0.0,0.0,False,0.2572008733097614,33,1.95
36,PRODUCE,1688,874.431264863744,867.1550893474747,0.053773854016623164,0.001045503537217265,1.0,0.0,,True,0.7775290283163095,28,1.66
36,SCHOOL AND OFFICE SUPPLIES,1688,4.793542654028436,22.782668196094384,8.68285362340344e-05,0.00024677261282772485,0.0,0.0,0.0,False,0.5438226722572492,214,12.68
36,SEAFOOD,1688,0.9349877369668246,1.4990052637323152,4.715961128071448e-05,3.067048256095472e-17,0.0,0.0,0.0,False,0.2034749434804447,216,12.8
37,AUTOMOTIVE,1688,4.04531990521327,4.047237601558425,1.060257863133598e-07,3.9566495273867827e-07,0.0,0.0,0.0,False,0.12017802704734826,122,7.23
37,BABY CARE,1688,0.02132701421800948,0.19963248314665114,2.1847432185018016e-11,5.72607821076432e-11,0.0,0.0,0.0,False,0.21694880696215568,23,1.36
37,BEAUTY,1688,4.32138625592417,2.728246716467648,0.00020908835096663516,2.0685464459456117e-16,0.0,0.0,0.0,False,0.2717299885095489,21,1.24
37,BEVERAGES,1688,2091.053909952607,953.4533612863858,0.002309081536709322,1.769484583416013e-05,0.0,0.0,0.0,False,0.3602926213120421,0,0.0
37,BOOKS,1688,0.1501777251184834,0.8356959009208578,2.1665464326991644e-05,6.88110589425546e-05,0.0,0.0,0.0,False,1.0,98,5.81
37,BREAD/BAKERY,1688,547.3306752991707,116.5369042766879,0.023374212420723923,0.06784792421325599,0.0,1.0,,True,0.3112376176642756,19,1.13
37,CELEBRATION,1688,7.607227488151659,8.468169482438949,0.0030969033782336456,3.856069828208781e-05,0.0,0.0,0.0,False,0.27033551320224203,18,1.07
37,CLEANING,1688,1053.8240521327014,229.23980222814222,0.00011902109283112278,0.0004407354733728808,0.0,0.0,0.0,False,0.23440335405284174,53,3.14
37,DAIRY,1688,885.1199644549763,226.6738488719359,0.08818639196846267,0.3690368568686106,1.0,1.0,1.0,False,0.24263127906639392,34,2.01
37,DELI,1688,145.9093785414692,35.36197639725479,0.030597338471344403,0.03880498496098613,0.0,0.0,0.0,False,0.33893508820797624,23,1.36
37,EGGS,1688,155.09508293838863,37.86912765557746,0.08041381641202971,0.026715679083650874,1.0,0.0,,True,0.40591517247573594,20,1.18
37,FROZEN FOODS,1688,194.19621878909953,249.2571701961591,5.604193020582756e-18,8.11636074546823e-16,0.0,0.0,0.0,False,0.020563469833699277,98,5.81
37,GROCERY I,1688,3642.8163507109007,785.7794372395931,1.1922347354390445e-05,7.455045675289176e-05,0.0,0.0,0.0,False,0.24190910956378597,56,3.32
37,GROCERY II,1688,46.63122037914692,16.690107329878984,5.3278708292943045e-18,1.5975468243545057e-16,0.0,0.0,0.0,False,0.20287438170224736,41,2.43
37,HARDWARE,1688,1.9253554502369667,1.778168133980288,0.0,0.0,0.0,0.0,0.0,False,0.19669630847584807,35,2.07
37,HOME AND KITCHEN I,1688,21.149881516587676,22.067647786389188,0.001988179424673216,2.278794837885296e-09,0.0,0.0,0.0,False,0.2028993833809567,31,1.84
37,HOME AND KITCHEN II,1688,15.231635071090047,25.390657639549683,0.004864902385480789,0.0005867849126771781,0.0,0.0,0.0,False,0.20465520719731523,46,2.73
37,HOME APPLIANCES,1688,0.3341232227488152,0.632106077087518,7.276711028858515e-16,5.015970254442414e-14,0.0,0.0,0.0,False,0.1614232440248996,21,1.24
37,HOME CARE,1688,156.63744075829385,130.55900426395274,0.0034604022725225015,2.917873323363832e-05,0.0,0.0,0.0,False,0.22029656403468767,0,0.0
37,LADIESWEAR,1688,16.18424170616114,16.01996014959636,0.00014670929148654586,2.225983459722367e-06,0.0,0.0,0.0,False,0.3844030491851188,7,0.41
37,LAWN AND GARDEN,1688,12.719490521327014,10.48603748208943,0.33839790106069134,0.2717922186359437,1.0,1.0,1.0,False,0.2686253167721886,77,4.56
37,LINGERIE,1688,6.487263033175355,6.267310404055193,1.8354115717796387e-07,1.5354010001457716e-09,0.0,0.0,0.0,False,0.19462342878047745,47,2.78
37,"LIQUOR,WINE,BEER",1688,107.87381516587678,74.31189427330101,7.849584058814327e-06,1.8555425694189783e-06,0.0,0.0,0.0,False,0.5492318924399604,51,3.02
37,MAGAZINES,1688,4.730450236966824,5.439152823442583,0.34895831471724276,0.001508418538166688,1.0,0.0,,True,0.2401602541166351,8,0.47
37,MEATS,1688,249.33154531842416,72.2027685901313,0.017073994805272674,0.001536872364233419,0.0,0.0,0.0,False,0.7390094899198596,86,5.09
37,PERSONAL CARE,1688,255.31783175355451,76.69980602954546,1.971524436252765e-06,4.696043851119525e-06,0.0,0.0,0.0,False,0.3908455632981941,46,2.73
37,PET SUPPLIES,1688,6.377369668246446,6.245240773461851,0.02563409950672144,7.810193539815985e-05,0.0,0.0,0.0,False,0.25125181912367855,5,0.3
37,PLAYERS AND ELECTRONICS,1688,6.337677725118484,6.355177199396845,0.026587600626381394,3.663875674133308e-08,0.0,0.0,0.0,False,0.22103889448312308,5,0.3
37,POULTRY,1688,244.422581181872,78.89841436176492,0.14723463838187284,0.5279299525273535,1.0,1.0,1.0,False,0.43882491239859067,12,0.71
37,PREPARED FOODS,1688,132.18499973489335,37.48983823798175,0.3880564410071493,0.01222903971464041,1.0,0.0,,True,0.4214495456848517,27,1.6
37,PRODUCE,1688,1829.1299422985783,1594.6187754310058,0.0037524107391221384,6.147342667720964e-05,0.0,0.0,0.0,False,0.6366653445350445,0,0.0
37,SCHOOL AND OFFICE SUPPLIES,1688,0.29265402843601895,0.6823322525547734,0.0068317320376711675,1.5301388948148246e-10,0.0,0.0,0.0,False,0.5147515801213064,345,20.44
37,SEAFOOD,1688,19.908666819845973,8.011976922083058,0.0010655731495147062,0.002277365561780249,0.0,0.0,0.0,False,0.2829922717508486,39,2.31
38,AUTOMOTIVE,1688,6.498518957345971,4.165532085610405,1.6334957695403438e-06,3.761983663172522e-06,0.0,0.0,0.0,False,0.39888935675522386,44,2.61
38,BABY CARE,1688,0.013033175355450236,0.2815332629581368,0.0,0.0,0.0,0.0,0.0,False,0.26257728069523156,11,0.65
38,BEAUTY,1688,5.0663507109004735,3.961437465535539,0.004168043088758838,3.850480102921857e-05,0.0,0.0,0.0,False,0.4817233037224308,64,3.79
38,BEVERAGES,1688,1824.9078791469194,1178.8452284204968,0.001677024020809385,9.151390336989044e-06,0.0,0.0,0.0,False,0.4972372469716183,32,1.9
38,BOOKS,1688,0.09686018957345971,0.499800410077757,0.006187199161029459,0.01705420911120827,0.0,0.0,0.0,False,1.0,89,5.27
38,BREAD/BAKERY,1688,533.5273640462085,164.04637447359735,0.048798382040730996,0.1813199085342791,0.0,1.0,,True,0.780014540895833,33,1.95
38,CELEBRATION,1688,9.28702606635071,10.518653819232377,0.005555108547991733,0.0005124857590797404,0.0,0.0,0.0,False,0.2658322751617568,19,1.13
38,CLEANING,1688,1070.6869075829384,354.43899482917686,4.559153834824402e-08,6.459190492636236e-07,0.0,0.0,0.0,False,0.6377308805338199,32,1.9
38,DAIRY,1688,815.3447867298578,272.7702097645326,0.08214568964904617,0.3363766798421559,1.0,1.0,1.0,False,0.7434974995650014,23,1.36
38,DELI,1688,169.13749508412323,52.53721146154409,0.011353317588460251,0.027284771045833378,0.0,0.0,0.0,False,0.7318485340292291,32,1.9
38,EGGS,1688,120.42476303317535,47.263133212454484,0.14994835297710402,0.0015292259985913942,1.0,0.0,,True,0.8272826812188029,61,3.61
38,FROZEN FOODS,1688,209.82047216587677,520.7777347666744,2.5260750345622695e-10,5.182148090216483e-09,0.0,0.0,0.0,False,0.10080315093854919,104,6.16
38,GROCERY I,1688,3765.5091913507113,1202.5381892324124,5.132218229811983e-08,3.713439823012912e-07,0.0,0.0,0.0,False,0.6524876907101413,25,1.48
38,GROCERY II,1688,26.503554502369667,15.014209406352316,2.506462388342668e-10,3.7948746292708795e-09,0.0,0.0,0.0,False,0.26520882714745986,48,2.84
38,HARDWARE,1688,1.71978672985782,1.6244937423464552,2.2793914657598358e-08,1.479562813633846e-16,0.0,0.0,0.0,False,0.25345322227859846,9,0.53
38,HOME AND KITCHEN I,1688,22.808056872037916,24.614897711465392,0.0018635068245084442,4.501798207184424e-06,0.0,0.0,0.0,False,0.18582009401584776,22,1.3
38,HOME AND KITCHEN II,1688,17.47245260663507,28.358880844109734,0.00308391183309818,4.955014406891911e-05,0.0,0.0,0.0,False,0.1432005627647568,93,5.51
38,HOME APPLIANCES,1688,0.1365521327014218,0.42643442052013153,0.0005442909892817733,0.003404923329594424,0.0,0.0,0.0,False,0.5740450657854111,192,11.37
38,HOME CARE,1688,204.29502369668248,185.13248044593217,0.009840857876036082,0.00015795121796428817,0.0,0.0,0.0,False,0.5913837166587883,0,0.0
38,LADIESWEAR,1688,17.43424170616114,19.934899989689523,0.0030304798210642396,0.0002527032080460415,0.0,0.0,0.0,False,0.6299068653967502,46,2.73
38,LAWN AND GARDEN,1688,8.556872037914692,9.152402591538754,0.2324510888924805,0.08253866286493483,1.0,1.0,1.0,False,0.21728042782850676,75,4.44
38,LINGERIE,1688,13.971563981042655,9.929945342532589,0.009419268758427753,0.0024185273927748723,0.0,0.0,0.0,False,0.35381477552869744,48,2.84
38,"LIQUOR,WINE,BEER",1688,79.20941943127963,67.81197294947232,3.2908388633197455e-09,1.2040485824516852e-08,0.0,0.0,0.0,False,0.48450013456361896,76,4.5
38,MAGAZINES,1688,5.032879146919432,6.448989352422759,0.2813927791772042,0.00046615572808509113,1.0,0.0,,True,0.4588598063203001,51,3.02
38,MEATS,1688,185.23324739454978,59.25745946203076,0.01033052564442553,0.026565593378124253,0.0,0.0,0.0,False,0.4124737629225671,32,1.9
38,PERSONAL CARE,1688,358.7973933649289,150.75151144529656,0.0007089894718612528,0.000198924458951834,0.0,0.0,0.0,False,0.6733612138348275,33,1.95
38,PET SUPPLIES,1688,3.8661137440758293,4.194319817935695,0.04168651497404591,2.8167719852846393e-06,0.0,0.0,0.0,False,0.3483783947517136,11,0.65
38,PLAYERS AND ELECTRONICS,1688,5.935722748815166,6.379951366723607,0.0017577582148158382,6.061645806779038e-06,0.0,0.0,0.0,False,0.3014686242804915,14,0.83
38,POULTRY,1688,157.4948581806872,63.70472030935231,0.10189041902444257,0.3437249539749021,1.0,1.0,1.0,False,0.6491675447969076,28,1.66
38,PREPARED FOODS,1688,121.86454561611374,40.105374642444964,0.01693146109646648,0.015780594858531574,0.0,0.0,0.0,False,0.602864218129166,25,1.48
38,PRODUCE,1688,1430.9571219194313,1286.1985046118411,0.0037378904315763075,8.881583878508233e-05,0.0,0.0,0.0,False,0.7160915377773485,0,0.0
38,SCHOOL AND OFFICE SUPPLIES,1688,0.35011848341232227,1.5413832955253377,0.001060793096725583,2.2080174549739095e-20,0.0,0.0,0.0,False,0.7585070335248781,336,19.91
38,SEAFOOD,1688,19.76546995385071,8.123028980138487,1.6975013176107021e-06,9.060102225188429e-07,0.0,0.0,0.0,False,0.5162027690279198,15,0.89
39,AUTOMOTIVE,1688,8.867890995260664,8.82867424085754,0.0,0.0,0.0,0.0,0.0,False,0.10733009485589873,35,2.07
39,BABY CARE,1688,0.26332938388625593,0.7231460316450004,0.004643216328735746,0.00011815644154061475,0.0,0.0,0.0,False,0.503758483085182,280,16.59
39,BEAUTY,1688,3.797097156398104,3.109849714953241,0.00035778733271242357,4.510188252903058e-05,0.0,0.0,0.0,False,0.37719000674149517,87,5.15
39,BEVERAGES,1688,2272.638921800948,1331.4406931246106,0.050128420980884866,4.218357082714282e-06,1.0,0.0,,True,0.6181073003253961,4,0.24
39,BOOKS,1688,0.0,0.0,,,,,,True,0.0,0,0.0
39,BREAD/BAKERY,1688,721.5728672985782,172.36126184975208,1.5626236105666877e-05,1.024919264340555e-05,0.0,0.0,0.0,False,0.6740133331598435,39,2.31
39,CELEBRATION,1688,6.6815758293838865,7.901028911420039,0.0011739708547806897,7.165363812837652e-05,0.0,0.0,0.0,False,0.3164710252404528,36,2.13
39,CLEANING,1688,1295.8323459715639,493.11421071559886,0.0025024698042189156,1.8164649146749591e-06,0.0,0.0,0.0,False,0.3604460743983845,58,3.44
39,DAIRY,1688,514.5420616113744,233.91385227617002,0.35093690169563607,0.18305288116528656,1.0,1.0,1.0,False,0.6966695875238904,23,1.36
39,DELI,1688,184.7029229691943,68.09670895226637,0.13148873938411104,0.008874925210557952,1.0,0.0,,True,0.5742391463879952,20,1.18
39,EGGS,1688,386.1720971563981,349.67068575172533,0.2901770189957842,0.16789676720283808,1.0,1.0,1.0,False,0.762500827811768,120,7.11
39,FROZEN FOODS,1688,91.49853879265403,130.26846771580173,1.355881712104839e-10,9.293528389925867e-10,0.0,0.0,0.0,False,0.09089351252109223,82,4.86
39,GROCERY I,1688,4280.478425059242,1550.418893999623,0.00034692227212862714,9.346650799590189e-09,0.0,0.0,0.0,False,0.4788495764080134,54,3.2
39,GROCERY II,1688,28.71090047393365,14.633224197142642,2.3278107458292485e-07,3.571440951977576e-09,0.0,0.0,0.0,False,0.2750052390151564,53,3.14
39,HARDWARE,1688,1.8468601895734598,1.7972453662050236,2.9259753788993494e-12,5.037186759602862e-11,0.0,0.0,0.0,False,0.23276836966578318,35,2.07
39,HOME AND KITCHEN I,1688,22.549763033175356,25.6984164286144,0.003551233868144429,2.8416822887395276e-05,0.0,0.0,0.0,False,0.17199062861022296,30,1.78
39,HOME AND KITCHEN II,1688,13.514810426540285,11.719355345288847,0.08665759091757608,0.013205122795265931,1.0,0.0,,True,0.3383647622632213,2,0.12
39,HOME APPLIANCES,1688,0.41795023696682465,0.7297497796186924,9.157194213725207e-23,1.1410659558035342e-19,0.0,0.0,0.0,False,0.25298869395593715,34,2.01
39,HOME CARE,1688,202.82464454976304,180.64698336579622,0.036102611776178656,7.085049228901581e-05,0.0,0.0,0.0,False,0.4432179726291572,3,0.18
39,LADIESWEAR,1688,4.588270142180095,5.831909836979637,0.005151657728342357,0.0001734530345682885,0.0,0.0,0.0,False,0.4267552509694139,73,4.32
39,LAWN AND GARDEN,1688,7.743483412322274,6.2738072153534645,0.3575777207644494,0.005199824450218502,1.0,0.0,,True,0.35928314188188504,41,2.43
39,LINGERIE,1688,6.901658767772512,4.85633407513817,8.324938036937217e-06,2.122287898264043e-05,0.0,0.0,0.0,False,0.27110165721457524,42,2.49
39,"LIQUOR,WINE,BEER",1688,64.51095971563981,66.85400024451117,1.595549491069094e-08,2.2254012204021033e-08,0.0,0.0,0.0,False,0.40605210018529425,94,5.57
39,MAGAZINES,1688,1.919431279620853,3.0249939526830594,0.011329182923956066,2.0872094181307915e-08,0.0,0.0,0.0,False,0.37412955653264757,109,6.46
39,MEATS,1688,239.69436441587675,2220.533812462842,0.0,0.0,0.0,0.0,0.0,False,0.9387118574742249,60,3.55
39,PERSONAL CARE,1688,307.8530805687204,122.58437705722064,0.00030231465986179317,1.2653589064880325e-08,0.0,0.0,0.0,False,0.5312940067705518,38,2.25
39,PET SUPPLIES,1688,2.7058649289099526,3.2914370353507594,0.44990440387272923,0.002229279917298376,1.0,0.0,,True,0.2896861458657818,23,1.36
39,PLAYERS AND ELECTRONICS,1688,5.42239336492891,5.969957067877238,0.030706388725738276,1.4836292755988752e-05,0.0,0.0,0.0,False,0.34343337551298647,20,1.18
39,POULTRY,1688,205.77957658353083,81.08485733890821,0.12089801011416806,0.15191363772099176,1.0,1.0,1.0,False,0.5833271639690365,8,0.47
39,PREPARED FOODS,1688,76.08796863507109,26.33078794620558,0.0687040135072153,0.23817147001959332,1.0,1.0,1.0,False,0.38914633138198296,30,1.78
39,PRODUCE,1688,1063.8617021741707,965.1161110526948,0.03193135713389102,0.00013102422455516863,0.0,0.0,0.0,False,0.7736341091988869,0,0.0
39,SCHOOL AND OFFICE SUPPLIES,1688,1.855154028436019,4.161730064645433,2.2740786608759054e-06,6.932511625991875e-08,0.0,0.0,0.0,False,0.16926452155525895,143,8.47
39,SEAFOOD,1688,11.311483588862558,7.536227391047493,0.01877977752074226,0.051212573039367465,0.0,1.0,,True,0.48451602530603344,44,2.61
40,AUTOMOTIVE,1688,3.8359004739336493,2.6690107742214657,0.00022271179040497604,7.5364066233643076e-06,0.0,0.0,0.0,False,0.2850082039036145,63,3.73
40,BABY CARE,1688,0.29354265402843605,0.9096074229349027,7.532780273851126e-07,0.0,0.0,0.0,0.0,False,0.565276844607801,250,14.81
40,BEAUTY,1688,1.2014218009478672,1.3984106033553239,2.2542018784820218e-07,1.890539387216447e-22,0.0,0.0,0.0,False,0.21279300792471445,24,1.42
40,BEVERAGES,1688,2308.2781398104266,1451.648167631007,0.2924169120890334,1.536085516776501e-05,1.0,0.0,,True,0.31574875003795955,7,0.41
40,BOOKS,1688,0.0,0.0,,,,,,True,0.0,0,0.0
40,BREAD/BAKERY,1688,363.52399289099526,113.88602695640319,0.019410570449316485,0.025813081642667875,0.0,0.0,0.0,False,0.4664029537658638,17,1.01
40,CELEBRATION,1688,5.582642180094787,9.159578523547461,0.00038891925816577586,2.3169567810802866e-07,0.0,0.0,0.0,False,0.14893236822256817,84,4.98
40,CLEANING,1688,1380.5017772511849,546.8500071743373,0.36400493892868857,7.693064290807556e-07,1.0,0.0,,True,0.34018214220974186,35,2.07
40,DAIRY,1688,466.4902251184834,203.86494301460084,0.3823024519008242,0.1763421298198894,1.0,1.0,1.0,False,0.5926022121903887,4,0.24
40,DELI,1688,249.31231990521326,82.36039190102034,0.09812770054753933,0.03231979137729839,1.0,0.0,,True,0.46032237613950966,12,0.71
40,EGGS,1688,141.68868483412322,54.399111024983085,0.12950951226094226,0.04673858688817361,1.0,0.0,,True,0.43588143806803414,50,2.96
40,FROZEN FOODS,1688,71.13246655390995,135.75865924951535,6.353574012060302e-16,8.756966952969071e-15,0.0,0.0,0.0,False,0.1070007044663851,98,5.81
40,GROCERY I,1688,4321.335833530806,1424.1250938960368,0.07344032488416535,2.085365172407113e-09,1.0,0.0,,True,0.44707014039378723,22,1.3
40,GROCERY II,1688,8.875296208530806,6.689089925982111,1.9493635865998667e-09,1.1399981437348062e-10,0.0,0.0,0.0,False,0.19437678678870352,82,4.86
40,HARDWARE,1688,1.063388625592417,1.4141543387524769,7.64742727028779e-05,9.856955198060098e-09,0.0,0.0,0.0,False,0.20022598489497523,25,1.48
40,HOME AND KITCHEN I,1688,21.32405213270142,21.948358361974645,0.0006144958052606973,1.3593395921220204e-07,0.0,0.0,0.0,False,0.12211936506099264,27,1.6
40,HOME AND KITCHEN II,1688,15.821090047393366,14.18303730659468,0.043220903087459676,0.00044185609359719176,0.0,0.0,0.0,False,0.20294902824256023,7,0.41
40,HOME APPLIANCES,1688,0.21919431279620852,0.49322505703303615,3.4072132016515046e-09,2.5380757729277755e-08,0.0,0.0,0.0,False,0.3569595897929242,320,18.96
40,HOME CARE,1688,211.4540876777251,183.4292829204701,0.03225636503398426,5.216829236981393e-05,0.0,0.0,0.0,False,0.31676406851265826,4,0.24
40,LADIESWEAR,1688,0.0,0.0,,,,,,True,0.0,0,0.0
40,LAWN AND GARDEN,1688,0.1389218009478673,0.8146818296168385,0.0,0.0,0.0,0.0,0.0,False,0.5627559743851682,134,7.94
40,LINGERIE,1688,8.04117298578199,6.266620507810268,2.8966834776676746e-05,4.420823775221335e-05,0.0,0.0,0.0,False,0.25128321710347734,51,3.02
40,"LIQUOR,WINE,BEER",1688,69.86226303317535,102.79565836009499,1.0079034625154953e-07,6.572809059179709e-08,0.0,0.0,0.0,False,0.42414004858219667,126,7.46
40,MAGAZINES,1688,0.9297985781990521,1.4757335956188191,0.06830497049759911,1.1039707176997035e-06,1.0,0.0,,True,0.33850665114316203,247,14.63
40,MEATS,1688,112.03635380805686,37.80219355435275,0.16230002210506334,0.03971873301832589,1.0,0.0,,True,0.4444557191173507,20,1.18
40,PERSONAL CARE,1688,284.46800947867297,124.37630476988346,0.008630705306597547,1.4555827493984795e-06,0.0,0.0,0.0,False,0.24604277897272708,24,1.42
40,PET SUPPLIES,1688,1.1368483412322274,1.7642447655787938,0.5233365013764457,0.03585370909045193,1.0,0.0,,True,0.26468105622900195,51,3.02
40,PLAYERS AND ELECTRONICS,1688,4.177132701421801,4.602229899599751,0.13862654331261126,1.3492632744250842e-09,1.0,0.0,,True,0.2532100086933552,11,0.65
40,POULTRY,1688,151.10744749111376,75.08337958550278,0.0007012622524572291,8.695463282227953e-05,0.0,0.0,0.0,False,0.23070612092645415,32,1.9
40,PREPARED FOODS,1688,49.3281990521327,19.82616626671129,0.058450916770167866,0.00816494631128443,1.0,0.0,,True,0.3720454385660382,40,2.37
40,PRODUCE,1688,673.1723583234598,612.9030689410048,0.030053832543031803,5.426488504479705e-06,0.0,0.0,0.0,False,0.7192561950684522,1,0.06
40,SCHOOL AND OFFICE SUPPLIES,1688,2.001184834123223,10.706794391196079,1.0754207847657897e-06,3.4399162963292905e-06,0.0,0.0,0.0,False,0.9999999999999998,129,7.64
40,SEAFOOD,1688,3.0989336492890995,3.407423994942405,0.008193728588685513,0.0002723185783012869,0.0,0.0,0.0,False,0.21234703243006625,28,1.66
41,AUTOMOTIVE,1688,4.82968009478673,3.2444182177360346,0.0015383062615249724,4.0832018452243403e-10,0.0,0.0,0.0,False,0.4404069205715563,16,0.95
41,BABY CARE,1688,0.02843601895734597,0.26067609770265465,6.301669675799521e-13,4.349498150647245e-12,0.0,0.0,0.0,False,1.0,27,1.6
41,BEAUTY,1688,4.330864928909953,3.2365687936667435,0.11669149430806375,2.566917890232382e-09,1.0,0.0,,True,0.43502344157264905,40,2.37
41,BEVERAGES,1688,1520.4549763033176,943.2628381886176,0.028209749939232164,1.2964768898756952e-06,0.0,0.0,0.0,False,0.5286092270792178,24,1.42
41,BOOKS,1688,0.030213270142180094,0.21149413876212816,0.00012551616828410672,0.0003806812062236646,0.0,0.0,0.0,False,0.24316696126786197,40,2.37
41,BREAD/BAKERY,1688,416.85999191054503,186.0037634753149,0.08286477334681774,0.005943486054624164,1.0,0.0,,True,0.4309520976203468,50,2.96
41,CELEBRATION,1688,7.279028436018957,7.931541619629893,0.09915223619031305,0.0043374812128042246,1.0,0.0,,True,0.32283512656317037,18,1.07
41,CLEANING,1688,866.3332345971564,385.87951280523976,0.02091072296808964,2.0756590330317978e-08,0.0,0.0,0.0,False,0.36982953374913563,57,3.38
41,DAIRY,1688,555.3424170616114,230.7316493308348,0.24600438000766167,0.0037103615033418145,1.0,0.0,,True,0.730986207752238,29,1.72
41,DELI,1688,195.04519054976305,64.39678652426817,0.005880090985297883,7.821527093238033e-05,0.0,0.0,0.0,False,0.6993576988553882,53,3.14
41,EGGS,1688,117.36404028436019,39.01841362491732,0.11452299644826025,0.11281701696906316,1.0,1.0,1.0,False,0.7739255591721713,51,3.02
41,FROZEN FOODS,1688,181.22702976362558,294.6786814606884,5.246192257456358e-15,1.3990192023509266e-13,0.0,0.0,0.0,False,0.1400918736219271,111,6.58
41,GROCERY I,1688,2909.228376777251,1131.3880647239714,0.011906622453167788,3.9218352751502157e-08,0.0,0.0,0.0,False,0.6041632121025852,58,3.44
41,GROCERY II,1688,22.74170616113744,12.670751571943125,1.298509406828865e-05,4.409591143676172e-08,0.0,0.0,0.0,False,0.3334974066913545,62,3.67
41,HARDWARE,1688,0.7695497630331753,1.0698361612261775,0.0005418376746525554,8.5810021502215e-09,0.0,0.0,0.0,False,0.23665594405255663,128,7.58
41,HOME AND KITCHEN I,1688,16.873222748815166,20.522507338287326,0.03153945604076676,0.000273392822653846,0.0,0.0,0.0,False,0.15884511048408922,33,1.95
41,HOME AND KITCHEN II,1688,19.45941943127962,27.17804444256461,2.109067817627784e-05,3.892850832612459e-08,0.0,0.0,0.0,False,0.22815455858183942,61,3.61
41,HOME APPLIANCES,1688,0.3169431279620853,0.6689557046323004,0.0017329204844245254,0.002269824637717251,0.0,0.0,0.0,False,0.41414267868135757,382,22.63
41,HOME CARE,1688,143.19135071090048,131.47586320103719,0.028997121450651878,2.4336549042878384e-05,0.0,0.0,0.0,False,0.5182551210784424,1,0.06
41,LADIESWEAR,1688,8.026362559241706,10.59560244942308,0.07744642657144582,4.96322571731283e-05,1.0,0.0,,True,0.5997385794454013,84,4.98
41,LAWN AND GARDEN,1688,9.672689573459715,12.6237539893348,0.16974175607582437,0.06921746918999942,1.0,1.0,1.0,False,0.14167768161259997,119,7.05
41,LINGERIE,1688,8.787914691943127,6.0536807039218665,0.0008471405560740955,0.0006846198910549519,0.0,0.0,0.0,False,0.3946632203437883,41,2.43
41,"LIQUOR,WINE,BEER",1688,71.13892180094787,79.23971559057198,1.0273994781160995e-06,9.416168289275713e-07,0.0,0.0,0.0,False,0.40655202456780226,103,6.1
41,MAGAZINES,1688,5.582345971563981,6.575855943751904,0.21909537979128918,0.0001627819127581187,1.0,0.0,,True,0.32767891925794945,33,1.95
41,MEATS,1688,171.90766063566352,57.73600543853686,0.28684943108422417,4.249966740473546e-06,1.0,0.0,,True,0.72005865223153,46,2.73
41,PERSONAL CARE,1688,260.59774881516586,174.04521888470387,0.00029622695156010997,5.762081917808373e-10,0.0,0.0,0.0,False,0.2427354683793923,60,3.55
41,PET SUPPLIES,1688,4.5704976303317535,5.230326889673875,0.5524966912810347,0.0007318328694122759,1.0,0.0,,True,0.2696636394966666,17,1.01
41,PLAYERS AND ELECTRONICS,1688,4.643957345971564,5.365012031575526,0.03432367477073,2.5553070597013282e-05,0.0,0.0,0.0,False,0.29430670644016166,15,0.89
41,POULTRY,1688,158.34697875710899,61.47459499323363,0.020510771126894912,0.001935991764287576,0.0,0.0,0.0,False,0.42400443027514934,25,1.48
41,PREPARED FOODS,1688,59.52973756190758,19.362153809247015,8.032951672454818e-05,0.00011983874548180513,0.0,0.0,0.0,False,0.5406968345686899,17,1.01
41,PRODUCE,1688,1160.578013507109,1009.5138231381472,0.049728035493217596,6.10021053011307e-05,0.0,0.0,0.0,False,0.6259494017256557,0,0.0
41,SCHOOL AND OFFICE SUPPLIES,1688,0.5639810426540285,4.338321953531298,8.772159422441393e-08,1.8800704110806245e-08,0.0,0.0,0.0,False,0.9459537189366357,385,22.81
41,SEAFOOD,1688,7.817974051184834,4.426801726860239,1.0251435639044944e-07,8.740556846948822e-07,0.0,0.0,0.0,False,0.3093188520254647,57,3.38
42,AUTOMOTIVE,1688,1.6812796208530805,2.6912918513780673,0.42606756761673825,0.03629344663031007,1.0,0.0,,True,0.48524196020856336,78,4.62
42,BABY CARE,1688,0.014218009478672985,0.15714322746294215,8.509284136439702e-10,3.954639706265033e-09,0.0,0.0,0.0,False,0.2819953757495004,17,1.01
42,BEAUTY,1688,2.369372037914692,3.5925354455179725,0.2973418345793659,0.004588921825878406,1.0,0.0,,True,0.5215838704734042,61,3.61
42,BEVERAGES,1688,1110.8145734597156,1390.2218175928401,0.5543039334705356,0.18922210731538142,1.0,1.0,1.0,False,0.7427880491344818,2,0.12
42,BOOKS,1688,0.17950236966824645,0.8244237023605898,8.705716365184528e-05,0.00015599740297926742,0.0,0.0,0.0,False,1.0,120,7.11
42,BREAD/BAKERY,1688,226.3538356042654,275.4722761853614,0.6055954078263133,0.35304829596166626,1.0,1.0,1.0,False,0.6923985356366242,0,0.0
42,CELEBRATION,1688,5.198163507109005,7.6469970901823086,0.3729522644745302,0.039250881074366334,1.0,0.0,,True,0.4527097416098008,31,1.84
42,CLEANING,1688,361.5968601895735,454.4060415212903,0.5805549048285192,0.2672912926575556,1.0,1.0,1.0,False,0.56939586194821,2,0.12
42,DAIRY,1688,370.2532582938389,450.92007565726374,0.7430748989670943,0.509527414059593,1.0,1.0,1.0,False,0.6704279643771514,1,0.06
42,DELI,1688,68.19944728317535,84.3489534785244,0.6814587790839146,0.1951428228235792,1.0,1.0,1.0,False,0.6621076696895962,0,0.0
42,EGGS,1688,56.603376777251185,69.76697478782262,0.6639161752695353,0.24000316337659838,1.0,1.0,1.0,False,0.7332625122126035,1,0.06
42,FROZEN FOODS,1688,71.12521982168246,136.44774728109164,0.0006142904672537391,2.6160201621671856e-05,0.0,0.0,0.0,False,0.2635722678402833,37,2.19
42,GROCERY I,1688,1389.3483832938389,1723.936630018062,0.606615633314209,0.22767783803041974,1.0,1.0,1.0,False,0.6036788205510693,2,0.12
42,GROCERY II,1688,12.29739336492891,19.289309989321573,0.2894102208385312,0.0015953754873755852,1.0,0.0,,True,0.3356318203315303,29,1.72
42,HARDWARE,1688,0.4834123222748815,0.988833788573608,0.17692003238606396,0.016534000535434898,1.0,0.0,,True,0.30644205992147844,95,5.63
42,HOME AND KITCHEN I,1688,9.178909952606634,15.255548305989135,0.3464826684621112,0.009731541717270947,1.0,0.0,,True,0.369310092817446,56,3.32
42,HOME AND KITCHEN II,1688,11.785545023696683,35.34766666147199,2.9947139186526704e-06,4.1726850310671345e-06,0.0,0.0,0.0,False,0.4999615151014677,86,5.09
42,HOME APPLIANCES,1688,0.11137440758293839,0.39936346164339553,0.00019916721361716653,5.2354726766831267e-05,0.0,0.0,0.0,False,0.278484804949105,147,8.71
42,HOME CARE,1688,93.61018957345972,119.10158527053018,0.5451482131259389,0.13139710785731668,1.0,1.0,1.0,False,0.7340259848630242,7,0.41
42,LADIESWEAR,1688,8.131516587677725,12.439034572710538,0.4025646227593471,0.09086092873373447,1.0,1.0,1.0,False,0.6896308176543298,94,5.57
42,LAWN AND GARDEN,1688,11.261552132701421,17.303914992179006,0.8804211872761976,0.4651537477001339,1.0,1.0,1.0,False,0.43134105175161896,81,4.8
42,LINGERIE,1688,1.9691943127962086,3.4210459636834023,0.01799377726487658,0.00015176545707121697,0.0,0.0,0.0,False,0.37190417476483983,132,7.82
42,"LIQUOR,WINE,BEER",1688,34.5781990521327,52.63504480615337,0.29846333916423207,0.025709979703782155,1.0,0.0,,True,0.7827301373819477,73,4.32
42,MAGAZINES,1688,3.7722156398104265,5.492284123424132,0.5727773431500768,0.03869865774401405,1.0,0.0,,True,0.4582017105540923,41,2.43
42,MEATS,1688,92.24365520319907,112.35655825784191,0.8115799425671026,0.38820211694448187,1.0,1.0,1.0,False,0.6974916104394391,0,0.0
42,PERSONAL CARE,1688,101.51244075829383,133.23628844586122,0.42174794666419635,0.038595581955253935,1.0,0.0,,True,0.7011279758579144,19,1.13
42,PET SUPPLIES,1688,3.088862559241706,4.342015040895281,0.8736140764889849,0.24756979559414333,1.0,1.0,1.0,False,0.35500668737496677,25,1.48
42,PLAYERS AND ELECTRONICS,1688,3.6860189573459716,5.416668933938031,0.6401199210691809,0.0611844048548518,1.0,1.0,1.0,False,0.4379935906218554,43,2.55
42,POULTRY,1688,102.2918239958531,124.22178968044159,0.7662490449553131,0.47922035234864035,1.0,1.0,1.0,False,0.6356752622113128,0,0.0
42,PREPARED FOODS,1688,34.52402666409952,42.84390217972465,0.5691395499288263,0.6134561919730084,1.0,1.0,1.0,False,0.5213061098158336,0,0.0
42,PRODUCE,1688,1120.4346656694313,1353.0079526748887,0.7369236129997734,0.538306107006743,1.0,1.0,1.0,False,0.7336069511764307,0,0.0
42,SCHOOL AND OFFICE SUPPLIES,1688,0.24377962085308058,0.6873118370599686,0.00013968411204007635,1.2367297467395004e-05,0.0,0.0,0.0,False,1.0,264,15.64
42,SEAFOOD,1688,8.21837322257109,10.574468129704353,0.5401354051235506,0.25852133946070077,1.0,1.0,1.0,False,0.4101453168367938,5,0.3
43,AUTOMOTIVE,1688,5.963270142180095,4.250891516997333,0.002506158521956528,0.011950237879937063,0.0,0.0,0.0,False,0.2922800843449126,61,3.61
43,BABY CARE,1688,0.045319905213270145,0.2909248047147772,4.696787115155525e-16,4.816861821824873e-15,0.0,0.0,0.0,False,0.9999999999988786,53,3.14
43,BEAUTY,1688,1.1984597156398105,1.6243216623046939,3.409546401898724e-05,9.968280252943263e-06,0.0,0.0,0.0,False,0.22732246088324293,44,2.61
43,BEVERAGES,1688,2976.196090047393,1278.6618815106403,0.13415321992415485,0.0026528273497243393,1.0,0.0,,True,0.41228311740993606,24,1.42
43,BOOKS,1688,0.0,0.0,,,,,,True,0.0,0,0.0
43,BREAD/BAKERY,1688,304.0364336492891,146.48556196180732,0.7807551705136901,0.481273238201927,1.0,1.0,1.0,False,0.5253081721467665,120,7.11
43,CELEBRATION,1688,5.383590047393365,6.579340023274144,0.0793427404707639,0.00012418861108583974,1.0,0.0,,True,0.30746132489951994,34,2.01
43,CLEANING,1688,1012.835308056872,310.2001091477206,0.011482089226555886,7.917610784203304e-07,0.0,0.0,0.0,False,0.4035846637995416,38,2.25
43,DAIRY,1688,354.1712085308057,215.2258701348471,0.7665029568256261,0.23662035355923278,1.0,1.0,1.0,False,0.5628994042350852,64,3.79
43,DELI,1688,233.68787501184835,97.70262478985963,0.28896234455016534,0.01069405458844278,1.0,0.0,,True,0.451537294966356,10,0.59
43,EGGS,1688,140.47511848341233,87.03907800276274,0.2688216286265631,0.24593803997210828,1.0,1.0,1.0,False,0.3709596819945168,34,2.01
43,FROZEN FOODS,1688,51.71357768341232,74.82647793004816,1.081001433347155e-09,1.5429005276906557e-09,0.0,0.0,0.0,False,0.19964466378486723,100,5.92
43,GROCERY I,1688,3300.5309683056867,1087.205623592225,0.06193182846227062,1.667325975205924e-07,1.0,0.0,,True,0.4545690814090383,52,3.08
43,GROCERY II,1688,4.3125,5.577625205605225,6.075849184692665e-13,9.38562538535155e-12,0.0,0.0,0.0,False,0.1733788031728155,76,4.5
43,HARDWARE,1688,1.191350710900474,1.5400586060294659,1.7969488990090776e-05,2.4342041885549504e-08,0.0,0.0,0.0,False,0.19001628584221775,29,1.72
43,HOME AND KITCHEN I,1688,14.755035545023697,16.871580879513278,0.0041185896162213445,2.4862131568225126e-05,0.0,0.0,0.0,False,0.21410189975395622,40,2.37
43,HOME AND KITCHEN II,1688,9.837677725118484,9.107343249544089,0.08131481293247678,0.019609365541990345,1.0,0.0,,True,0.2183570402078583,5,0.3
43,HOME APPLIANCES,1688,0.13714454976303317,0.39521518508172315,0.00012394250271820386,0.0,0.0,0.0,0.0,False,0.33955249101913554,205,12.14
43,HOME CARE,1688,137.71238151658767,118.02997020068996,0.04846989370485436,0.00016144209462618404,0.0,0.0,0.0,False,0.2883450073185573,0,0.0
43,LADIESWEAR,1688,0.0,0.0,,,,,,True,0.0,0,0.0
43,LAWN AND GARDEN,1688,1.0065165876777251,3.428231783003273,0.8351644995069655,0.7196351435352342,1.0,1.0,1.0,False,0.9999999854676943,238,14.1
43,LINGERIE,1688,3.496741706161137,4.2575106813452335,0.0018046893112321303,0.0053128085851419675,0.0,0.0,0.0,False,0.21691729636447654,70,4.15
43,"LIQUOR,WINE,BEER",1688,91.21593601895735,130.5581017252254,6.836362674245997e-11,1.3542580900799838e-09,0.0,0.0,0.0,False,0.31156634966747687,101,5.98
43,MAGAZINES,1688,1.1720971563981042,2.436782910319486,0.004697992569115074,0.0,0.0,0.0,0.0,False,0.4903239834925096,257,15.23
43,MEATS,1688,147.96203963981043,45.373672623063314,0.19754670110245076,0.015320253360323473,1.0,0.0,,True,0.39583175923376956,35,2.07
43,PERSONAL CARE,1688,221.0162914691943,79.9714431173815,0.007137701054572592,3.703423702867277e-10,0.0,0.0,0.0,False,0.3397049650201036,52,3.08
43,PET SUPPLIES,1688,0.6700236966824644,1.5249754774772655,0.6871098717671338,0.3172251269153583,1.0,1.0,1.0,False,0.4823145410195546,173,10.25
43,PLAYERS AND ELECTRONICS,1688,2.695793838862559,3.4791733764894133,4.40307905119902e-05,2.4827241528118172e-09,0.0,0.0,0.0,False,0.18410965410211932,31,1.84
43,POULTRY,1688,169.876731042654,299.6946914820341,0.0,0.0,0.0,0.0,0.0,False,0.9777755946922569,34,2.01
43,PREPARED FOODS,1688,59.84666321563981,31.693055787990772,0.637497421034037,0.4393135178692926,1.0,1.0,1.0,False,0.2669740308951343,60,3.55
43,PRODUCE,1688,491.47995695497633,496.3625771696543,0.3586185233705028,0.0036288277239347375,1.0,0.0,,True,0.5269607165641019,21,1.24
43,SCHOOL AND OFFICE SUPPLIES,1688,1.7274881516587677,7.169248883206364,0.0013141876200831598,0.001710117214015542,0.0,0.0,0.0,False,0.31080910366566794,324,19.19
43,SEAFOOD,1688,0.7431872037914692,1.354025733260967,5.483357497385507e-19,1.3644639102968846e-17,0.0,0.0,0.0,False,0.17104529440612204,152,9.0
44,AUTOMOTIVE,1688,18.89010663507109,9.735776175937813,5.32618872446677e-06,9.859274004114316e-06,0.0,0.0,0.0,False,0.42884718103472474,24,1.42
44,BABY CARE,1688,0.0,0.0,,,,,,True,0.0,0,0.0
44,BEAUTY,1688,11.657582938388625,8.312208935708043,0.06698944438453912,5.13430933996448e-05,1.0,0.0,,True,0.44798516909508634,70,4.15
44,BEVERAGES,1688,7969.788803317536,3883.624182745137,0.032852529706146084,9.005411103440726e-05,0.0,0.0,0.0,False,0.7520359584549023,46,2.73
44,BOOKS,1688,0.31338862559241704,1.705185337263102,0.014861577055828332,0.03586717837355469,0.0,0.0,0.0,False,1.0,167,9.89
44,BREAD/BAKERY,1688,1384.782094472749,481.79037501972135,0.16386984696999857,0.0013818994629865892,1.0,0.0,,True,0.8105994966486504,52,3.08
44,CELEBRATION,1688,22.43483412322275,38.57133232580902,6.321508490499064e-05,3.180353002074554e-07,0.0,0.0,0.0,False,0.6614054203005009,27,1.6
44,CLEANING,1688,2558.417357819905,677.1206270971489,6.400432013163577e-10,2.417949177646259e-09,0.0,0.0,0.0,False,0.6382109053470888,35,2.07
44,DAIRY,1688,2540.646030805687,851.1913009750542,0.06472397259997816,0.14559032923581433,1.0,1.0,1.0,False,0.7883692998917576,43,2.55
44,DELI,1688,596.8377970793839,208.19853281947687,1.8828297632744728e-06,1.0678739439846095e-05,0.0,0.0,0.0,False,0.8012204692874921,19,1.13
44,EGGS,1688,648.2458530805687,205.00934596500798,9.35080369929124e-06,9.5008828324847e-05,0.0,0.0,0.0,False,0.8132961938727004,17,1.01
44,FROZEN FOODS,1688,608.5704468483414,659.0247273788532,7.291833242583568e-09,1.1537557479716358e-07,0.0,0.0,0.0,False,0.12681762381128037,96,5.69
44,GROCERY I,1688,9734.045477191943,3574.4274850078664,2.9800692312451375e-05,3.495300015253245e-07,0.0,0.0,0.0,False,0.5167433489968702,39,2.31
44,GROCERY II,1688,81.64010663507109,32.82705228098751,4.336669684271868e-10,8.40382592640537e-09,0.0,0.0,0.0,False,0.36949392293418415,47,2.78
44,HARDWARE,1688,4.176836492890995,3.2852406832214833,1.0126649280274021e-08,1.4784925480380794e-07,0.0,0.0,0.0,False,0.2696064394996609,35,2.07
44,HOME AND KITCHEN I,1688,80.21238151658768,103.00207498795126,0.004164591357240704,6.634143377639925e-08,0.0,0.0,0.0,False,0.09194156606832982,27,1.6
44,HOME AND KITCHEN II,1688,60.461789099526065,82.01494899445878,0.000274580838030793,5.118494866470781e-13,0.0,0.0,0.0,False,0.11667458345130599,31,1.84
44,HOME APPLIANCES,1688,1.9126184834123223,1.9898022805720175,0.00016323106114260542,0.0008361671853084428,0.0,0.0,0.0,False,0.2788148130506386,29,1.72
44,HOME CARE,1688,399.40343601895734,375.687540245501,0.009509196264032715,1.957844694881686e-06,0.0,0.0,0.0,False,0.5589673545138744,9,0.53
44,LADIESWEAR,1688,19.88329383886256,20.783846904923845,0.0011593313938408302,8.859865070355956e-06,0.0,0.0,0.0,False,0.510790380292125,10,0.59
44,LAWN AND GARDEN,1688,12.976599526066352,12.435996799958701,0.21141287536939635,0.06108114204130775,1.0,1.0,1.0,False,0.4333729999912532,67,3.97
44,LINGERIE,1688,19.28080568720379,13.947417938929362,1.2446812617556148e-13,4.177455459063754e-12,0.0,0.0,0.0,False,0.16872940037276818,84,4.98
44,"LIQUOR,WINE,BEER",1688,329.89751184834125,224.02203821000276,3.682829337702588e-08,5.7394765927565955e-08,0.0,0.0,0.0,False,0.7557238204234977,41,2.43
44,MAGAZINES,1688,11.453791469194313,13.892943109655747,0.36867441775933596,0.002402315115258532,1.0,0.0,,True,0.4009686412590848,26,1.54
44,MEATS,1688,971.5421868601896,310.6613273854351,1.9137784443759596e-09,3.3929786692551507e-08,0.0,0.0,0.0,False,0.8272868487145479,3,0.18
44,PERSONAL CARE,1688,559.2831753554502,291.00303220979237,4.165115529116323e-06,3.1245350621431934e-08,0.0,0.0,0.0,False,0.47578274524254294,60,3.55
44,PET SUPPLIES,1688,20.310722748815166,21.19574248888571,0.08949800978243794,1.8443837202884905e-05,1.0,0.0,,True,0.5801208937561666,17,1.01
44,PLAYERS AND ELECTRONICS,1688,26.40521327014218,25.96944118751335,0.007764400719057754,0.0004403338056663783,0.0,0.0,0.0,False,0.44908652212038214,5,0.3
44,POULTRY,1688,1239.408752505924,496.7334629253355,0.11804661572070718,0.39996759630405143,1.0,1.0,1.0,False,0.7940532620158014,2,0.12
44,PREPARED FOODS,1688,470.87538671208534,122.56887305216432,0.052162038092350795,0.08730628671201551,1.0,1.0,1.0,False,0.7071067639119142,21,1.24
44,PRODUCE,1688,6338.099866943127,5569.667476193383,0.01047527981921612,6.150120822884724e-05,0.0,0.0,0.0,False,0.7002820842467301,0,0.0
44,SCHOOL AND OFFICE SUPPLIES,1688,17.512144549763033,56.108118176721774,0.001289454658612212,0.001092380045801477,0.0,0.0,0.0,False,0.32440511762161095,140,8.29
44,SEAFOOD,1688,123.24356258915876,39.38303667296899,9.669012583897153e-07,6.309086546795409e-07,0.0,0.0,0.0,False,0.6726866266411715,10,0.59
45,AUTOMOTIVE,1688,15.689573459715639,7.878047071619353,1.0839012154682403e-08,5.088158675644788e-09,0.0,0.0,0.0,False,0.4603536243416495,37,2.19
45,BABY CARE,1688,0.0,0.0,,,,,,True,0.0,0,0.0
45,BEAUTY,1688,9.974822274881516,6.424389469154451,0.012555701982986302,1.2522827775476097e-06,0.0,0.0,0.0,False,0.48958988824108873,66,3.91
45,BEVERAGES,1688,6755.130331753555,3811.999800557045,0.07591769327974261,2.723872067855315e-05,1.0,0.0,,True,0.7617729603715736,25,1.48
45,BOOKS,1688,0.3453791469194313,1.3904671544963718,0.0020345943167395077,0.004177660839071281,0.0,0.0,0.0,False,1.0,171,10.13
45,BREAD/BAKERY,1688,1136.2168432760664,379.6420128354657,0.06672569959984946,5.8483222053274716e-05,1.0,0.0,,True,0.7597739181322041,49,2.9
45,CELEBRATION,1688,23.10633886255924,24.08640913509565,0.017853877591086562,0.00029870720415455415,0.0,0.0,0.0,False,0.34258772451511277,11,0.65
45,CLEANING,1688,2505.9949644549765,801.5382964081568,2.3122614796675445e-05,1.0221126436877064e-11,0.0,0.0,0.0,False,0.7092421796738901,24,1.42
45,DAIRY,1688,2108.8068720379147,811.8968941376145,0.1691353535804328,0.22039837547402757,1.0,1.0,1.0,False,0.7768054908951001,25,1.48
45,DELI,1688,643.5037100799764,239.6520853504122,0.01587100212163464,2.6193116053962428e-05,0.0,0.0,0.0,False,0.7858953702364011,14,0.83
45,EGGS,1688,413.5032582938389,140.681315400143,0.00012233419313295398,7.325016424116421e-05,0.0,0.0,0.0,False,0.8253877333554795,33,1.95
45,FROZEN FOODS,1688,524.7546457695497,703.7951567724742,1.1883345980725048e-10,2.5271813661719447e-09,0.0,0.0,0.0,False,0.2410175703969124,96,5.69
45,GROCERY I,1688,9715.044303317536,3968.946656693392,0.00019946221826614433,3.913594283759368e-11,0.0,0.0,0.0,False,0.4790102320047763,32,1.9
45,GROCERY II,1688,82.9321682464455,35.82260501129184,0.00028765229914306915,0.0008805092250706903,0.0,0.0,0.0,False,0.42708668853661036,67,3.97
45,HARDWARE,1688,1.088862559241706,1.3210642671473098,0.0004690867883981293,0.0002565315672061612,0.0,0.0,0.0,False,0.23901821366670273,13,0.77
45,HOME AND KITCHEN I,1688,47.281101895734594,48.493345366588166,0.010747536711054127,7.289488076426168e-05,0.0,0.0,0.0,False,0.234757743884347,32,1.9
45,HOME AND KITCHEN II,1688,51.239632701421804,62.96280136715776,0.017056006284578505,7.70709271780135e-06,0.0,0.0,0.0,False,0.28730763254657765,46,2.73
45,HOME APPLIANCES,1688,1.3732227488151658,1.4612906225283517,2.0954327789139713e-05,4.1898140193882515e-05,0.0,0.0,0.0,False,0.2556494398335383,28,1.66
45,HOME CARE,1688,408.75918246445497,373.74463366058393,0.021297386088020995,5.267471331363908e-05,0.0,0.0,0.0,False,0.5961777206202112,1,0.06
45,LADIESWEAR,1688,16.087677725118482,18.74844429344029,0.0037521928318000946,4.392701932684396e-05,0.0,0.0,0.0,False,0.6212334303277228,57,3.38
45,LAWN AND GARDEN,1688,17.927428909952607,21.80379936820273,0.3331087028031956,0.10284802357303763,1.0,1.0,1.0,False,0.22656764158310616,109,6.46
45,LINGERIE,1688,5.146623222748815,4.2906385982204585,4.54236554802538e-09,1.223552075894965e-08,0.0,0.0,0.0,False,0.3028748346764568,61,3.61
45,"LIQUOR,WINE,BEER",1688,209.6925355450237,194.18073292601554,1.5632434889919746e-05,3.594393747014141e-05,0.0,0.0,0.0,False,0.6855446455217226,61,3.61
45,MAGAZINES,1688,8.739336492890995,11.097878062260756,0.259764653654348,0.00016357542455030635,1.0,0.0,,True,0.43327755678195656,27,1.6
45,MEATS,1688,1192.8111562559243,377.8133892835376,6.661202856788142e-08,5.432899498801933e-10,0.0,0.0,0.0,False,0.8108327881890227,2,0.12
45,PERSONAL CARE,1688,634.2014218009479,293.64855008017577,0.004847942141536697,1.254722810125306e-07,0.0,0.0,0.0,False,0.6991102053907755,42,2.49
45,PET SUPPLIES,1688,13.534063981042655,13.767542375863076,0.07606708271638159,0.00023580497273062835,1.0,0.0,,True,0.5067344943162778,8,0.47
45,PLAYERS AND ELECTRONICS,1688,18.900473933649288,20.872027715884375,0.00312726163329166,0.0001003006363168623,0.0,0.0,0.0,False,0.38060167704204495,19,1.13
45,POULTRY,1688,1273.665313992891,494.9159645131925,0.1046921680887617,0.2994179538722913,1.0,1.0,1.0,False,0.7928715177017329,1,0.06
45,PREPARED FOODS,1688,325.555387292654,96.57036824405728,0.00038975475229384644,0.0035623622662965125,0.0,0.0,0.0,False,0.7608317881698484,10,0.59
45,PRODUCE,1688,4111.185391409952,3610.8132169450687,0.013318371866956403,0.00012143148580299063,0.0,0.0,0.0,False,0.6552793424686582,0,0.0
45,SCHOOL AND OFFICE SUPPLIES,1688,16.238151658767773,64.12683214142018,0.21061097024880054,0.25467043149140456,1.0,1.0,1.0,False,0.5370293369828467,146,8.65
45,SEAFOOD,1688,97.19211961937205,37.33378389571056,1.3753065841335696e-06,3.3736674972640165e-06,0.0,0.0,0.0,False,0.6955107162425562,7,0.41
46,AUTOMOTIVE,1688,15.201718009478673,8.43933211965428,1.3934895554939515e-10,2.75943656495185e-09,0.0,0.0,0.0,False,0.5458861418590113,39,2.31
46,BABY CARE,1688,0.0,0.0,,,,,,True,0.0,0,0.0
46,BEAUTY,1688,11.835308056872037,7.576392828955137,0.0078235036290147,5.166354869695821e-08,0.0,0.0,0.0,False,0.5824186867797946,59,3.5
46,BEVERAGES,1688,4672.691943127962,2811.3262536166294,0.03407792334215665,6.194176117495595e-05,0.0,0.0,0.0,False,0.7936067225551657,70,4.15
46,BOOKS,1688,0.11848341232227488,0.602456597858491,3.1949572675805e-05,4.459296876676176e-05,0.0,0.0,0.0,False,1.0,109,6.46
46,BREAD/BAKERY,1688,777.7576402014219,343.80880187736454,0.12894047701278794,0.0001340111558692572,1.0,0.0,,True,0.786452885159218,70,4.15
46,CELEBRATION,1688,14.23222748815166,14.925838538939207,0.022177314130641695,0.003618889259898587,0.0,0.0,0.0,False,0.39023860656989995,15,0.89
46,CLEANING,1688,2301.579383886256,924.2287840172595,5.6033067239224115e-08,3.931652992548466e-11,0.0,0.0,0.0,False,0.7362192164388789,22,1.3
46,DAIRY,1688,1430.3456753554503,644.3982484284164,0.04318186971392771,0.01300609404130349,0.0,0.0,0.0,False,0.7891413980321292,37,2.19
46,DELI,1688,810.1218060189574,320.44174292792,8.451043517213354e-06,1.0496557129860838e-05,0.0,0.0,0.0,False,0.7855061000123189,18,1.07
46,EGGS,1688,179.59508293838863,86.82664524416391,3.0753988728603624e-05,3.883806193534109e-07,0.0,0.0,0.0,False,0.836574544047741,54,3.2
46,FROZEN FOODS,1688,401.6771871978673,782.6302355474687,1.0461190430685905e-15,7.214843084369827e-14,0.0,0.0,0.0,False,0.0875313966470016,95,5.63
46,GROCERY I,1688,8530.606338862559,3619.7253230654283,0.0003344771228537396,1.6830888901797087e-10,0.0,0.0,0.0,False,0.7232118651917936,32,1.9
46,GROCERY II,1688,42.27784360189573,31.832597766868822,8.933657508915773e-15,6.171984656623005e-14,0.0,0.0,0.0,False,0.20887608956054227,68,4.03
46,HARDWARE,1688,1.536137440758294,1.6547421778725637,6.941728251891655e-05,0.00012791508186078937,0.0,0.0,0.0,False,0.27609007165240296,51,3.02
46,HOME AND KITCHEN I,1688,27.433649289099527,33.42103175836947,0.00426291588731377,0.0012002797992399688,0.0,0.0,0.0,False,0.1705827521617147,45,2.67
46,HOME AND KITCHEN II,1688,34.176540284360186,48.69716303449652,0.0006568127007915584,0.00010625439485300851,0.0,0.0,0.0,False,0.3986725952061543,77,4.56
46,HOME APPLIANCES,1688,1.4019549763033174,1.6277862071917704,0.0002434774584362482,6.542848803073502e-05,0.0,0.0,0.0,False,0.3343664479475319,47,2.78
46,HOME CARE,1688,425.33293838862556,400.8701859457955,0.007182402740263133,5.880640595993771e-05,0.0,0.0,0.0,False,0.6311011255169201,2,0.12
46,LADIESWEAR,1688,20.48074644549763,24.743223393249526,0.0018389693350062675,1.689357998784349e-05,0.0,0.0,0.0,False,0.6423122691313424,75,4.44
46,LAWN AND GARDEN,1688,10.664988151658768,15.019732146877248,0.1757276977277603,0.029083544027907412,1.0,0.0,,True,0.1451337884220476,165,9.77
46,LINGERIE,1688,8.022215639810426,10.232027107451737,2.958631529117145e-10,1.1813381657486274e-08,0.0,0.0,0.0,False,0.3961501005097374,57,3.38
46,"LIQUOR,WINE,BEER",1688,121.69638625592417,122.48785466075036,1.5511756522932289e-09,2.8687834558492993e-09,0.0,0.0,0.0,False,0.42132228525628235,80,4.74
46,MAGAZINES,1688,4.554206161137441,6.822753440853226,0.0820941419006494,1.5866489806243372e-06,1.0,0.0,,True,0.45701618269554234,99,5.86
46,MEATS,1688,1169.1212185248814,359.98751666854486,2.1338531190311417e-05,2.6370170939353507e-07,0.0,0.0,0.0,False,0.7550310793309867,16,0.95
46,PERSONAL CARE,1688,744.7976895734597,356.12558573659874,0.00041923085754698534,7.509474085879073e-06,0.0,0.0,0.0,False,0.7339291675045299,33,1.95
46,PET SUPPLIES,1688,13.15313981042654,13.552115992396617,0.09629988974095388,0.00018930068428364978,1.0,0.0,,True,0.5832404920051413,13,0.77
46,PLAYERS AND ELECTRONICS,1688,15.991113744075829,18.68824137161702,0.023484190988583377,0.00011442830054071991,0.0,0.0,0.0,False,0.5206827016038771,53,3.14
46,POULTRY,1688,1008.5216835841233,427.84845109685824,0.0038355287909232426,0.0259677683326207,0.0,0.0,0.0,False,0.8070964760014856,11,0.65
46,PREPARED FOODS,1688,173.55020531812798,62.951602118459995,0.0019734559573538982,0.0033778080240691706,0.0,0.0,0.0,False,0.7208112106178568,30,1.78
46,PRODUCE,1688,1888.428189306872,1760.5827148410851,0.015016861297438412,0.00015204986934049843,0.0,0.0,0.0,False,0.6011468625058192,1,0.06
46,SCHOOL AND OFFICE SUPPLIES,1688,12.914691943127963,49.55044919868268,0.0799821245933533,0.06729172703355844,1.0,1.0,1.0,False,0.5490516428995958,180,10.66
46,SEAFOOD,1688,50.44823375485782,23.32608687094529,0.0014835660038706776,0.0002919202806764369,0.0,0.0,0.0,False,0.7194659528217953,29,1.72
47,AUTOMOTIVE,1688,16.008590047393366,7.952404558359559,1.8886443619882767e-11,4.415459769595322e-10,0.0,0.0,0.0,False,0.49726742978286487,32,1.9
47,BABY CARE,1688,0.0,0.0,,,,,,True,0.0,0,0.0
47,BEAUTY,1688,12.26718009478673,7.811463988061519,0.010895412806246082,9.930357646243634e-08,0.0,0.0,0.0,False,0.5791509631169588,59,3.5
47,BEVERAGES,1688,6409.237559241707,3522.4427141424712,0.042654469347227886,1.5301446741450292e-05,0.0,0.0,0.0,False,0.758863515321348,35,2.07
47,BOOKS,1688,0.34804502369668244,1.2530398244929735,0.09095330750932079,0.2057615618429653,1.0,1.0,1.0,False,1.0,165,9.77
47,BREAD/BAKERY,1688,1106.7930730983412,374.3267314787539,0.019287212592890263,7.155263434376832e-05,0.0,0.0,0.0,False,0.7853040699439275,63,3.73
47,CELEBRATION,1688,17.071978672985782,18.306510782855835,0.04916812613229111,0.0013584939929712767,0.0,0.0,0.0,False,0.32270599752086515,13,0.77
47,CLEANING,1688,2326.4819312796208,737.9871942071989,6.559279462653974e-07,5.429374079360262e-09,0.0,0.0,0.0,False,0.7104596001900776,30,1.78
47,DAIRY,1688,1983.521327014218,775.4173569723023,0.18708216963509272,0.10703170935095635,1.0,1.0,1.0,False,0.7930896800300536,50,2.96
47,DELI,1688,641.8429919312797,226.67372526806113,1.7713370485888267e-05,1.4421687327383735e-06,0.0,0.0,0.0,False,0.7910217264882831,28,1.66
47,EGGS,1688,356.7055687203791,126.54780467788898,2.0838726971925196e-07,1.5860364430253665e-07,0.0,0.0,0.0,False,0.8112555512670304,49,2.9
47,FROZEN FOODS,1688,428.60681364928917,588.005069785011,3.6868806860502866e-11,8.211792716752454e-10,0.0,0.0,0.0,False,0.10727091964283886,94,5.57
47,GROCERY I,1688,9221.828338270141,3216.984526671222,0.00566121728460797,4.991573658675616e-09,0.0,0.0,0.0,False,0.7239602852746382,31,1.84
47,GROCERY II,1688,64.36492890995261,36.0245972725492,6.335618576459472e-07,3.58134971687652e-06,0.0,0.0,0.0,False,0.3439057790006179,65,3.85
47,HARDWARE,1688,1.807760663507109,1.8255851974542934,0.000351671632855032,5.7124991424345924e-05,0.0,0.0,0.0,False,0.2843976049552114,19,1.13
47,HOME AND KITCHEN I,1688,40.34123222748815,44.27435046626681,0.0054652227175933255,1.333039797322617e-06,0.0,0.0,0.0,False,0.17701881018304255,33,1.95
47,HOME AND KITCHEN II,1688,44.552725118483416,65.13630233836149,0.00041330718216414165,7.260003331554783e-08,0.0,0.0,0.0,False,0.316106821266924,53,3.14
47,HOME APPLIANCES,1688,1.8279028436018958,1.9188108498994811,5.497439104673187e-05,0.00039013894813872356,0.0,0.0,0.0,False,0.3045087208562074,20,1.18
47,HOME CARE,1688,417.6199644549763,376.4158912840195,0.012074163278556663,4.469327975806561e-05,0.0,0.0,0.0,False,0.6049241896953214,0,0.0
47,LADIESWEAR,1688,18.868483412322274,21.492955288666693,0.014147890550767752,0.00018168817096402806,0.0,0.0,0.0,False,0.5641003106362223,40,2.37
47,LAWN AND GARDEN,1688,16.26421800947867,16.783272057763106,0.04551135278818652,0.0077254944242913445,0.0,0.0,0.0,False,0.16790369681892792,105,6.22
47,LINGERIE,1688,5.109004739336493,4.846178233049845,1.0895947191647823e-06,7.654428629759575e-06,0.0,0.0,0.0,False,0.30275365082012196,65,3.85
47,"LIQUOR,WINE,BEER",1688,167.43572274881515,134.80106261623044,5.07552185441842e-08,9.696828621274858e-09,0.0,0.0,0.0,False,0.6868112580260383,47,2.78
47,MAGAZINES,1688,7.374703791469194,9.759261400208052,0.11672009147874574,0.00015227421117512677,1.0,0.0,,True,0.46697287212666194,43,2.55
47,MEATS,1688,896.7347306723933,306.5458582277225,2.1846204317093467e-05,4.787809284296677e-13,0.0,0.0,0.0,False,0.8164548311262705,45,2.67
47,PERSONAL CARE,1688,703.0115521327015,313.82158745386664,0.0029282855700049027,3.146982827966344e-05,0.0,0.0,0.0,False,0.7240422458105631,39,2.31
47,PET SUPPLIES,1688,13.541469194312796,14.085722762702549,0.2052300265322905,0.0010321744217122487,1.0,0.0,,True,0.5371851391930393,18,1.07
47,PLAYERS AND ELECTRONICS,1688,18.238151658767773,18.94876195815948,0.011975124251449648,0.00011497565867205229,0.0,0.0,0.0,False,0.517527973520932,14,0.83
47,POULTRY,1688,1151.8110995260665,418.7053710370886,0.06284940661051536,0.10549742546013258,1.0,1.0,1.0,False,0.7576359666517212,1,0.06
47,PREPARED FOODS,1688,288.6634834691943,89.19510123774846,0.0012746429555953768,0.008463427031580213,0.0,0.0,0.0,False,0.7113163408031546,30,1.78
47,PRODUCE,1688,3802.071587559242,3345.8638777211636,0.01634511206276583,0.00018033087754716748,0.0,0.0,0.0,False,0.6258931382744152,0,0.0
47,SCHOOL AND OFFICE SUPPLIES,1688,12.384478672985782,58.41009219127514,0.8594785737869869,0.9092704379891736,1.0,1.0,1.0,False,0.05583394932577801,123,7.29
47,SEAFOOD,1688,85.77426483412322,32.14336018729827,0.0001600134924622084,0.00029649943362645016,0.0,0.0,0.0,False,0.6892326921095935,22,1.3
48,AUTOMOTIVE,1688,13.548281990521327,8.04491743358516,1.108908224415301e-05,9.826997371360709e-05,0.0,0.0,0.0,False,0.49819065786327676,44,2.61
48,BABY CARE,1688,0.0,0.0,,,,,,True,0.0,0,0.0
48,BEAUTY,1688,10.576125592417062,7.601417358451303,0.017933681358091744,4.014342613395631e-07,0.0,0.0,0.0,False,0.5339651665881293,59,3.5
48,BEVERAGES,1688,3753.7630331753553,2450.0817385580126,0.03220986546195983,8.667027335324417e-05,0.0,0.0,0.0,False,0.7931094479886717,93,5.51
48,BOOKS,1688,0.03376777251184834,0.2850506012409504,5.481186452883857e-07,3.2138520948290317e-06,0.0,0.0,0.0,False,1.0,33,1.95
48,BREAD/BAKERY,1688,707.1735754976303,324.96425153657003,0.03521434028105015,1.773028031406687e-07,0.0,0.0,0.0,False,0.8419603342732767,67,3.97
48,CELEBRATION,1688,14.337677725118484,14.984234427728067,0.009890689330090081,0.0008939560007624787,0.0,0.0,0.0,False,0.5422546580924884,18,1.07
48,CLEANING,1688,2143.041172985782,953.7578996957537,4.7873950879703345e-08,1.3843470151149151e-08,0.0,0.0,0.0,False,0.7173726665156419,37,2.19
48,DAIRY,1688,1200.175059241706,620.40159924916,0.05017789385151447,0.029433327890425437,1.0,0.0,,True,0.8246619388524958,68,4.03
48,DELI,1688,651.9161478969195,273.7132770623795,1.3309237583905333e-06,4.7462918578754933e-07,0.0,0.0,0.0,False,0.7827613159386445,24,1.42
48,EGGS,1688,142.40165876777252,76.36677818609914,2.9871490299189173e-06,9.638956370702412e-07,0.0,0.0,0.0,False,0.8551202236969311,63,3.73
48,FROZEN FOODS,1688,313.5184459591232,625.2013922731323,3.424143208396716e-14,1.5085731845558692e-12,0.0,0.0,0.0,False,0.05465803296577454,95,5.63
48,GROCERY I,1688,7631.29304828199,3462.104757941909,5.1189337893308765e-05,1.1505698742472624e-09,0.0,0.0,0.0,False,0.7314082482003014,36,2.13
48,GROCERY II,1688,42.970971563981045,28.20587659645018,2.3823408020893917e-07,5.888040560944143e-07,0.0,0.0,0.0,False,0.5068812103771237,81,4.8
48,HARDWARE,1688,0.8954383886255924,1.2048102747807226,1.8154638473667762e-07,1.2318670979345916e-06,0.0,0.0,0.0,False,0.19037870664549106,160,9.48
48,HOME AND KITCHEN I,1688,32.65906398104266,38.78110290710946,5.615319199662671e-05,7.074926170893503e-06,0.0,0.0,0.0,False,0.24629247887718198,55,3.26
48,HOME AND KITCHEN II,1688,24.604561611374407,44.06281079464669,4.630416523784593e-05,5.598349205612507e-06,0.0,0.0,0.0,False,0.275441043543041,84,4.98
48,HOME APPLIANCES,1688,0.8495260663507109,1.2574094851829403,3.9756061331273024e-05,5.390920208422054e-05,0.0,0.0,0.0,False,0.38074669508076764,178,10.55
48,HOME CARE,1688,389.9869668246445,379.1571160878631,0.0088286234868228,0.00015033322364358163,0.0,0.0,0.0,False,0.6134987173394049,10,0.59
48,LADIESWEAR,1688,16.588566350710902,21.12393930344561,0.0061000150140189825,7.563405760509909e-05,0.0,0.0,0.0,False,0.6331189593894921,126,7.46
48,LAWN AND GARDEN,1688,6.275177725118484,9.910773536734306,0.002649744984646045,6.253648553629494e-05,0.0,0.0,0.0,False,0.11298512323823551,116,6.87
48,LINGERIE,1688,5.4594194312796205,6.937158445472824,4.452731260690135e-05,1.0605301183168916e-06,0.0,0.0,0.0,False,0.2506990772979889,104,6.16
48,"LIQUOR,WINE,BEER",1688,105.00622037914692,110.94684689620455,9.005756413193581e-11,5.286186684241342e-10,0.0,0.0,0.0,False,0.42739558076587303,74,4.38
48,MAGAZINES,1688,3.0524289099526065,4.883109660190875,0.008480713505871986,9.340799872527895e-07,0.0,0.0,0.0,False,0.41498331988661485,96,5.69
48,MEATS,1688,983.4310142654028,365.83990362501726,6.481133020102153e-12,1.2644767727611473e-10,0.0,0.0,0.0,False,0.748319313979632,14,0.83
48,PERSONAL CARE,1688,707.3738151658767,367.8326391155547,0.0005104659662114446,1.1249616211350444e-06,0.0,0.0,0.0,False,0.6950719659602771,48,2.84
48,PET SUPPLIES,1688,9.632701421800947,10.35618691976927,0.12044279118250728,0.00022374152824758357,1.0,0.0,,True,0.5368608030962673,14,0.83
48,PLAYERS AND ELECTRONICS,1688,13.716528436018958,15.774729531567035,0.0012969318176745531,8.786841217317254e-06,0.0,0.0,0.0,False,0.5474520568513495,45,2.67
48,POULTRY,1688,892.4193050533175,418.9025226874807,0.000690032541238546,0.004257878904396941,0.0,0.0,0.0,False,0.764516730360399,19,1.13
48,PREPARED FOODS,1688,131.59590635841232,62.9553193604909,0.0013851897570629301,0.008862507992901827,0.0,0.0,0.0,False,0.7947082051922201,25,1.48
48,PRODUCE,1688,1380.71952014218,1333.152962528362,0.01319964417706401,0.0005612595294634529,0.0,0.0,0.0,False,0.6885824415686166,3,0.18
48,SCHOOL AND OFFICE SUPPLIES,1688,16.163210900473935,67.99663632932516,8.809479842297468e-07,2.4846727681059e-06,0.0,0.0,0.0,False,0.41006604548541015,165,9.77
48,SEAFOOD,1688,29.968061803317532,14.814695616774925,0.00010291890458369871,0.0005735012774772028,0.0,0.0,0.0,False,0.6867553444571531,48,2.84
49,AUTOMOTIVE,1688,10.393957345971565,5.93690987408023,9.632448088863594e-05,6.020728245052266e-10,0.0,0.0,0.0,False,0.3327192122446382,25,1.48
49,BABY CARE,1688,0.0,0.0,,,,,,True,0.0,0,0.0
49,BEAUTY,1688,7.875592417061611,5.104444081590892,0.0505289973839389,3.864442012578141e-05,1.0,0.0,,True,0.40307564294342046,58,3.44
49,BEVERAGES,1688,5479.64336492891,2822.167288519562,0.12509695462551124,0.0009497129645451312,1.0,0.0,,True,0.7319416968302481,7,0.41
49,BOOKS,1688,0.27191943127962087,1.155946195555809,0.0027270679883801075,0.005532883163744291,0.0,0.0,0.0,False,1.0,166,9.83
49,BREAD/BAKERY,1688,1027.611225586493,387.2443850252124,0.39765109645377333,0.3481176451146665,1.0,1.0,1.0,False,0.658108585992232,0,0.0
49,CELEBRATION,1688,20.7603672985782,20.90066435176533,0.07396493603529218,0.005839540515623594,1.0,0.0,,True,0.38793712510969935,9,0.53
49,CLEANING,1688,1682.748518957346,524.148490872458,0.09662126583513458,4.812956105575454e-07,1.0,0.0,,True,0.5957669441021912,27,1.6
49,DAIRY,1688,1892.1303317535544,766.9672370030213,0.32031276406691556,0.3809747852099939,1.0,1.0,1.0,False,0.667553137389592,8,0.47
49,DELI,1688,367.37361234004743,135.51164780717795,0.1555605269569506,0.000415287761796232,1.0,0.0,,True,0.7194633987810244,26,1.54
49,EGGS,1688,430.11729857819904,125.00748827571836,0.15316892729262055,0.002653491591243879,1.0,0.0,,True,0.7328465068387984,18,1.07
49,FROZEN FOODS,1688,429.13567381161135,555.5586965240418,2.212559638735502e-13,3.6101682262171526e-12,0.0,0.0,0.0,False,0.11190061591347245,82,4.86
49,GROCERY I,1688,6588.795319905214,2576.6306838221667,0.02386263744012334,1.39081940400103e-06,0.0,0.0,0.0,False,0.5454685622927313,26,1.54
49,GROCERY II,1688,64.26273696682465,26.231310293024308,1.990294013989889e-05,1.621476636457092e-05,0.0,0.0,0.0,False,0.3251985716316772,32,1.9
49,HARDWARE,1688,1.6966824644549763,1.903371329920127,7.383078429269231e-09,4.265105765377782e-22,0.0,0.0,0.0,False,0.15101461762780954,81,4.8
49,HOME AND KITCHEN I,1688,39.807464454976305,67.50356167883963,1.3645421458133765e-14,1.1974679194637314e-20,0.0,0.0,0.0,False,0.03940836763734479,47,2.78
49,HOME AND KITCHEN II,1688,25.90521327014218,28.874997174709677,0.036397181474254844,2.0492072689062182e-10,0.0,0.0,0.0,False,0.14283805755045065,27,1.6
49,HOME APPLIANCES,1688,0.9991113744075829,1.2845690964374001,7.234679977035249e-06,6.701584239502636e-05,0.0,0.0,0.0,False,0.24714280926391796,13,0.77
49,HOME CARE,1688,286.8717417061611,254.56975859856928,0.09290821321222487,0.00010776865245522585,1.0,0.0,,True,0.5545526422019824,1,0.06
49,LADIESWEAR,1688,10.706161137440759,11.646358827226884,0.042368220801839544,0.00011264801002935,0.0,0.0,0.0,False,0.5172063043000354,14,0.83
49,LAWN AND GARDEN,1688,16.765402843601894,17.300811517093923,0.04902800187296222,0.0007445752220822669,0.0,0.0,0.0,False,0.1686017457766601,90,5.33
49,LINGERIE,1688,9.121445497630331,7.883397562399347,1.531071090683697e-05,4.0678524241874425e-05,0.0,0.0,0.0,False,0.18212759667678036,61,3.61
49,"LIQUOR,WINE,BEER",1688,218.35308056872037,167.55089480430124,1.7020040206341972e-06,7.694199502249071e-09,0.0,0.0,0.0,False,0.7495785303190601,37,2.19
49,MAGAZINES,1688,8.441943127962086,9.699479951915226,0.2395399157662932,6.728366021302104e-05,1.0,0.0,,True,0.32705509928356635,13,0.77
49,MEATS,1688,727.6510683708532,288.4609124304543,0.16908939882029866,7.714877301275745e-09,1.0,0.0,,True,0.8400709212373103,101,5.98
49,PERSONAL CARE,1688,393.5707938388626,190.3717369145126,0.15642327651976334,5.027944725557783e-06,1.0,0.0,,True,0.67055825934579,34,2.01
49,PET SUPPLIES,1688,10.354265402843602,10.53180322863329,0.2336228879842165,0.00027880131277475885,1.0,0.0,,True,0.39676190963387836,3,0.18
49,PLAYERS AND ELECTRONICS,1688,20.39218009478673,21.296783318469522,0.0099580350969957,0.00014019406647445496,0.0,0.0,0.0,False,0.2540631748480301,19,1.13
49,POULTRY,1688,873.4181090699052,394.2574159219957,0.22383053057311136,0.38779672684852207,1.0,1.0,1.0,False,0.7264418726812945,7,0.41
49,PREPARED FOODS,1688,297.27398817535544,79.80105606895782,0.04064693197409417,0.17413895383058786,0.0,1.0,,True,0.6166580748505384,14,0.83
49,PRODUCE,1688,4765.152891765403,4127.047284444432,0.07550084408550913,0.0006583974006226139,1.0,0.0,,True,0.62096411940034,0,0.0
49,SCHOOL AND OFFICE SUPPLIES,1688,8.903436018957345,34.982824645763806,0.0016813820602379229,0.0017574201929657018,0.0,0.0,0.0,False,0.42753900174854,151,8.95
49,SEAFOOD,1688,85.59751893453793,28.84942451144373,0.008583023921037223,0.0017608646908703553,0.0,0.0,0.0,False,0.6126002625091191,20,1.18
50,AUTOMOTIVE,1688,11.633590047393366,6.502570074378804,4.43512301987103e-12,1.0012401321836394e-10,0.0,0.0,0.0,False,0.39381010522209947,36,2.13
50,BABY CARE,1688,0.0,0.0,,,,,,True,0.0,0,0.0
50,BEAUTY,1688,7.705864928909953,5.20454249277506,0.019103767749356366,1.2618323733240168e-05,0.0,0.0,0.0,False,0.4384952132692409,57,3.38
50,BEVERAGES,1688,3223.7126777251183,1779.3010539962154,0.0411900236489758,6.8489996922941e-05,0.0,0.0,0.0,False,0.7520752063486313,23,1.36
50,BOOKS,1688,0.1735781990521327,0.694692209515768,0.04640743221983774,0.09830990129437489,0.0,1.0,,True,1.0,148,8.77
50,BREAD/BAKERY,1688,577.7305713803318,176.34883466397108,0.02901861763693394,0.0003866203369440884,0.0,0.0,0.0,False,0.7050501899078927,47,2.78
50,CELEBRATION,1688,22.16054502369668,25.46412090853878,0.00214491852725565,1.2573919745956941e-05,0.0,0.0,0.0,False,0.27463827486645354,26,1.54
50,CLEANING,1688,1605.216528436019,483.87948287477394,4.4308350271016464e-08,4.9759902401151515e-09,0.0,0.0,0.0,False,0.6839420969080414,31,1.84
50,DAIRY,1688,1005.3000592417062,379.88311329778384,0.09408447278167292,0.03737146675792472,1.0,0.0,,True,0.7455400728094457,37,2.19
50,DELI,1688,459.584647985782,146.44835579752686,0.00019744647233412696,4.629898634521736e-05,0.0,0.0,0.0,False,0.720811988798244,20,1.18
50,EGGS,1688,114.78021327014218,39.55320232973036,8.523013672778902e-06,1.0066136475071636e-05,0.0,0.0,0.0,False,0.7740135843702141,27,1.6
50,FROZEN FOODS,1688,267.60125887203793,589.7285010556159,5.039728322939555e-13,1.6168763724887514e-11,0.0,0.0,0.0,False,0.05085290273564913,124,7.35
50,GROCERY I,1688,6018.97321978673,1887.5028492936212,3.008373463376722e-06,1.1652604067107367e-09,0.0,0.0,0.0,False,0.6814825159559311,37,2.19
50,GROCERY II,1688,46.6406990521327,35.02566028596412,1.9285235249293992e-05,6.903303076681973e-07,0.0,0.0,0.0,False,0.32420466634150513,91,5.39
50,HARDWARE,1688,1.5082938388625593,1.8662103024205645,5.380631516914501e-06,4.946344341691866e-05,0.0,0.0,0.0,False,0.199327724205959,49,2.9
50,HOME AND KITCHEN I,1688,49.02843601895734,73.00187221036721,1.001974061291662e-05,8.806258987193844e-07,0.0,0.0,0.0,False,0.10454328988903738,56,3.32
50,HOME AND KITCHEN II,1688,44.85456161137441,80.54841311466545,5.1167098067995056e-05,4.781830723410914e-05,0.0,0.0,0.0,False,0.30622007634431736,107,6.34
50,HOME APPLIANCES,1688,0.6501777251184834,1.141754789444304,0.0001407428591962248,0.0002989304062037759,0.0,0.0,0.0,False,0.2714341866350438,121,7.17
50,HOME CARE,1688,269.6285545023697,242.66862103424276,0.011648479035085823,1.711542005866168e-05,0.0,0.0,0.0,False,0.5954720576003361,1,0.06
50,LADIESWEAR,1688,13.166765402843602,14.873648948404263,0.0134180608636678,0.0006327158564234872,0.0,0.0,0.0,False,0.5288530163874055,30,1.78
50,LAWN AND GARDEN,1688,5.159063981042654,9.482365666714147,0.0001237161487335394,1.3426952554261942e-05,0.0,0.0,0.0,False,0.07797236545485042,51,3.02
50,LINGERIE,1688,6.182760663507109,6.157696873474734,2.1552938876677884e-06,1.1783019371163382e-05,0.0,0.0,0.0,False,0.20124810788009773,70,4.15
50,"LIQUOR,WINE,BEER",1688,114.01866113744076,88.04546860510995,2.1354051191218155e-08,4.1604113976189265e-08,0.0,0.0,0.0,False,0.5599143082746565,66,3.91
50,MAGAZINES,1688,4.678909952606635,6.1340474204202975,0.17300969553809598,0.00015419795524716844,1.0,0.0,,True,0.4745892351500405,80,4.74
50,MEATS,1688,616.1018562026067,186.56501205297957,0.061186358500764204,0.058193955890895,1.0,1.0,1.0,False,0.5740508463033793,35,2.07
50,PERSONAL CARE,1688,490.44046208530807,204.0652358680604,0.007110769875189557,1.2087372783662258e-05,0.0,0.0,0.0,False,0.7245296475792408,30,1.78
50,PET SUPPLIES,1688,5.636552132701421,6.106507491874379,0.06809771869076447,0.000130569760536679,1.0,0.0,,True,0.3875238989458468,27,1.6
50,PLAYERS AND ELECTRONICS,1688,14.238151658767773,14.60757700264047,0.017867051535980998,0.00010330149340300745,0.0,0.0,0.0,False,0.5272688683632821,13,0.77
50,POULTRY,1688,438.3096085663507,140.94713597204424,0.09193388733225116,0.32375003005419756,1.0,1.0,1.0,False,0.6594936586517823,12,0.71
50,PREPARED FOODS,1688,122.95734479206159,41.61257576630615,0.04121859047924012,7.617793708490748e-07,0.0,0.0,0.0,False,0.6446841807029247,48,2.84
50,PRODUCE,1688,1445.5005186018957,1248.461998451958,0.018728743199148516,0.0002708630859708222,0.0,0.0,0.0,False,0.4855740285733936,0,0.0
50,SCHOOL AND OFFICE SUPPLIES,1688,11.226895734597157,47.66488928943718,0.0027785013404502904,0.003146240777481281,0.0,0.0,0.0,False,0.6376706962357906,163,9.66
50,SEAFOOD,1688,23.68632643095379,9.519112773396909,5.882308092491819e-06,1.7918522565432825e-06,0.0,0.0,0.0,False,0.38718534212058275,31,1.84
51,AUTOMOTIVE,1688,6.992594786729858,4.13402879682354,2.388149617385932e-06,5.400468439141604e-06,0.0,0.0,0.0,False,0.32721811740399387,45,2.67
51,BABY CARE,1688,0.0,0.0,,,,,,True,0.0,0,0.0
51,BEAUTY,1688,4.81457345971564,3.1653186477204773,0.0014354881643415158,1.6037567387658466e-05,0.0,0.0,0.0,False,0.38602377937197996,13,0.77
51,BEVERAGES,1688,4083.8273104265404,1544.8208418003726,0.0010385680550267723,4.78885972275424e-06,0.0,0.0,0.0,False,0.6409957429311595,12,0.71
51,BOOKS,1688,0.15373222748815166,0.6438604703318662,0.003605468997208738,0.006821476803663473,0.0,0.0,0.0,False,1.0,138,8.18
51,BREAD/BAKERY,1688,853.976356359597,216.54946597257162,0.009899388920502575,0.008270088988496498,0.0,0.0,0.0,False,0.6983758953818241,23,1.36
51,CELEBRATION,1688,9.607523696682465,10.230718254269961,0.016010220354479295,0.0020242052510225338,0.0,0.0,0.0,False,0.3149250131473189,15,0.89
51,CLEANING,1688,1452.9158767772512,311.74797794265663,8.888809948095979e-06,2.064574593869472e-05,0.0,0.0,0.0,False,0.592311279384431,26,1.54
51,DAIRY,1688,1461.7905805687203,410.77547762412405,0.053404923671331185,0.036271126325499135,1.0,0.0,,True,0.6356596458872301,27,1.6
51,DELI,1688,259.02526866113743,68.970361990726,0.0002568497908887272,0.00015236627254782122,0.0,0.0,0.0,False,0.6692293764299002,29,1.72
51,EGGS,1688,335.3187203791469,70.08461322098823,0.0008161933321321143,0.004096356173797182,0.0,0.0,0.0,False,0.6474846574050171,31,1.84
51,FROZEN FOODS,1688,329.1076416824645,304.3273981637606,7.387285435807268e-10,1.2007948157232376e-08,0.0,0.0,0.0,False,0.19754398437397425,102,6.04
51,GROCERY I,1688,4891.4780805687205,1242.429205937242,3.8479689657002736e-07,5.28782257382873e-08,0.0,0.0,0.0,False,0.5385229869696357,47,2.78
51,GROCERY II,1688,31.8125,20.320999942870106,1.9717780601417074e-05,0.000186808685631001,0.0,0.0,0.0,False,0.17727836678717757,91,5.39
51,HARDWARE,1688,1.4206161137440758,1.6953618095348342,2.46170912667804e-15,3.333474719360761e-14,0.0,0.0,0.0,False,0.17733393028562106,39,2.31
51,HOME AND KITCHEN I,1688,20.87026066350711,30.66302101532387,0.007108862026281939,1.0633454956621653e-05,0.0,0.0,0.0,False,0.10159690682128886,54,3.2
51,HOME AND KITCHEN II,1688,20.158767772511847,34.225267986149504,0.00015992345400966915,1.6322993961510726e-10,0.0,0.0,0.0,False,0.12860143583575656,92,5.45
51,HOME APPLIANCES,1688,1.0796800947867298,1.3385296207016355,1.5003991620524348e-13,6.084015555269641e-12,0.0,0.0,0.0,False,0.16629210208214418,16,0.95
51,HOME CARE,1688,201.30361374407582,172.24061561327014,0.010682818870168698,2.399920781828003e-05,0.0,0.0,0.0,False,0.47344189099601597,1,0.06
51,LADIESWEAR,1688,2.556575829383886,3.963664770928222,0.00010996056201799575,1.1384685643330977e-06,0.0,0.0,0.0,False,0.3815037952695024,89,5.27
51,LAWN AND GARDEN,1688,17.338270142180093,19.247758285609006,0.6739503624568106,0.3356989930064874,1.0,1.0,1.0,False,0.29415682939604304,149,8.83
51,LINGERIE,1688,6.630035545023697,5.759593280663546,1.0133627623702835e-07,1.0614618208572091e-06,0.0,0.0,0.0,False,0.20208332875479906,68,4.03
51,"LIQUOR,WINE,BEER",1688,160.93424170616115,140.11612213720397,2.4121335940392736e-09,3.698444838861814e-08,0.0,0.0,0.0,False,0.586033921965994,53,3.14
51,MAGAZINES,1688,5.832642180094787,6.692809553022344,0.05381744947236824,6.457701979427935e-07,1.0,0.0,,True,0.2977015540419098,22,1.3
51,MEATS,1688,636.2888175118483,187.31517656525676,3.1722759804690854e-07,3.934575799604545e-06,0.0,0.0,0.0,False,0.7915276192395113,89,5.27
51,PERSONAL CARE,1688,287.71978672985784,114.14387898237206,3.4125171372946274e-07,1.525912401599097e-07,0.0,0.0,0.0,False,0.42416961253099716,52,3.08
51,PET SUPPLIES,1688,11.042061611374407,10.740692987326737,0.03865609628366478,1.8291770451643715e-06,0.0,0.0,0.0,False,0.30965316249003105,1,0.06
51,PLAYERS AND ELECTRONICS,1688,7.185130331753554,7.999885030713854,0.0002865105645737933,1.7263791831672352e-07,0.0,0.0,0.0,False,0.24090668504569468,17,1.01
51,POULTRY,1688,844.5970054324645,696.8112180582647,0.03627479232510274,0.0001686344116346463,0.0,0.0,0.0,False,0.7713122726180583,97,5.75
51,PREPARED FOODS,1688,169.2927797227488,48.500833150895616,0.20060908141836648,0.0010948456243321503,1.0,0.0,,True,0.6443806304503119,38,2.25
51,PRODUCE,1688,3365.8613958530805,2921.6804634790733,0.010086241714906219,3.5311575461893626e-05,0.0,0.0,0.0,False,0.7147492613982758,0,0.0
51,SCHOOL AND OFFICE SUPPLIES,1688,6.045023696682464,19.232041380168653,1.0163946651340416e-06,1.5718296030275326e-06,0.0,0.0,0.0,False,0.4710294810871465,150,8.89
51,SEAFOOD,1688,65.82065752488151,21.10002000635525,0.00023941398405090362,7.120115581416583e-05,0.0,0.0,0.0,False,0.5873251630370047,16,0.95
52,AUTOMOTIVE,1688,0.8868483412322274,3.724937035401963,0.894417088296655,0.9123277792023374,1.0,1.0,1.0,False,1.0,118,6.99
52,BABY CARE,1688,0.0,0.0,,,,,,True,0.0,0,0.0
52,BEAUTY,1688,0.5758293838862559,2.3097809911220497,0.8858656876066165,0.9099747281060229,1.0,1.0,1.0,False,1.0,118,6.99
52,BEVERAGES,1688,318.59952606635073,1201.0056197553074,0.947929425229414,0.9621750213013482,1.0,1.0,1.0,False,1.0,118,6.99
52,BOOKS,1688,0.0,0.0,,,,,,True,0.0,0,0.0
52,BREAD/BAKERY,1688,57.77300776066351,216.79847212027803,0.9914737394682767,0.9941346136125845,1.0,1.0,1.0,False,1.0,118,6.99
52,CELEBRATION,1688,0.7956161137440758,3.2820836738256247,0.9649608913035403,0.9768330767466293,1.0,1.0,1.0,False,1.0,117,6.93
52,CLEANING,1688,119.31931279620854,448.3216048171476,0.9492642104126937,0.9623838891569759,1.0,1.0,1.0,False,1.0,118,6.99
52,DAIRY,1688,83.28436018957346,312.0797166745026,0.9437659423770104,0.957966315911283,1.0,1.0,1.0,False,1.0,118,6.99
52,DELI,1688,26.459966800947868,100.42515963574402,0.9444380577161885,0.9586909917117545,1.0,1.0,1.0,False,1.0,118,6.99
52,EGGS,1688,14.811611374407583,55.49571877951849,0.9944366734690043,0.9957526724661894,1.0,1.0,1.0,False,1.0,118,6.99
52,FROZEN FOODS,1688,24.065219206161135,93.46681904981578,0.956137914869944,0.9687501001092962,1.0,1.0,1.0,False,1.0,118,6.99
52,GROCERY I,1688,436.1451421800948,1646.3555000026433,0.9606631593259988,0.9719756211195162,1.0,1.0,1.0,False,1.0,118,6.99
52,GROCERY II,1688,3.360189573459716,14.108458803285114,0.4142382046042433,0.43696013704432446,1.0,1.0,1.0,False,1.0,118,6.99
52,HARDWARE,1688,0.23400473933649288,1.0359764766647828,0.9536351378725345,0.9648397984007104,1.0,1.0,1.0,False,1.0,109,6.46
52,HOME AND KITCHEN I,1688,4.1030805687203795,16.82251687723306,0.6611551150644053,0.6304344793722456,1.0,1.0,1.0,False,1.0,118,6.99
52,HOME AND KITCHEN II,1688,3.715047393364929,14.799067918634229,0.6638331590221584,0.6697138558967173,1.0,1.0,1.0,False,1.0,118,6.99
52,HOME APPLIANCES,1688,0.0693127962085308,0.405131871542366,0.0028268355065796122,0.00525886493243964,0.0,0.0,0.0,False,1.0,68,4.03
52,HOME CARE,1688,26.27191943127962,100.91631807440046,0.9810286818125356,0.9871788243912109,1.0,1.0,1.0,False,1.0,118,6.99
52,LADIESWEAR,1688,0.7488151658767772,3.3971899568675785,0.3649350700528895,0.3350936816414738,1.0,1.0,1.0,False,1.0,116,6.87
52,LAWN AND GARDEN,1688,4.565165876777251,25.092228594426334,0.24138187408169953,0.2319532145241161,1.0,1.0,1.0,False,1.0,118,6.99
52,LINGERIE,1688,0.5941943127962085,2.831676095624421,0.33822974634622294,0.2788525369926108,1.0,1.0,1.0,False,1.0,117,6.93
52,"LIQUOR,WINE,BEER",1688,14.662322274881516,60.288112467208094,0.9986953381629052,1.0,1.0,1.0,1.0,False,1.0,118,6.99
52,MAGAZINES,1688,0.7387440758293838,2.9776669353463,0.9825405827524927,0.9882646750137448,1.0,1.0,1.0,False,1.0,118,6.99
52,MEATS,1688,35.17708527843602,135.96245826889108,0.9855994203476078,0.9907459946836366,1.0,1.0,1.0,False,1.0,118,6.99
52,PERSONAL CARE,1688,26.925355450236967,104.48952490527408,0.8771538872142723,0.8960118832449573,1.0,1.0,1.0,False,1.0,118,6.99
52,PET SUPPLIES,1688,1.0313981042654028,4.105119615093188,0.9736893741364947,0.9829252115614877,1.0,1.0,1.0,False,1.0,118,6.99
52,PLAYERS AND ELECTRONICS,1688,1.9863744075829384,7.72361510929148,0.904934905399579,0.9226487853050542,1.0,1.0,1.0,False,1.0,118,6.99
52,POULTRY,1688,34.5752765936019,130.37051790260276,0.9738088667284979,0.9829079602734251,1.0,1.0,1.0,False,1.0,118,6.99
52,PREPARED FOODS,1688,9.449766605450238,35.388725128265975,0.9548631314201711,0.968081990628813,1.0,1.0,1.0,False,1.0,118,6.99
52,PRODUCE,1688,344.28774484597153,1303.0092071156487,0.9460777718962159,0.9607860805062538,1.0,1.0,1.0,False,1.0,118,6.99
52,SCHOOL AND OFFICE SUPPLIES,1688,1.3222748815165877,10.676319919938328,3.0092184228849795e-08,8.673663306121275e-08,0.0,0.0,0.0,False,1.0,113,6.69
52,SEAFOOD,1688,0.7224383880331754,3.1146428846764653,0.2307462595053451,0.21735990549106515,1.0,1.0,1.0,False,1.0,118,6.99
53,AUTOMOTIVE,1688,4.737263033175355,5.535236383650541,0.3840631940037546,0.0009687054172388029,1.0,0.0,,True,0.4354139254366829,29,1.72
53,BABY CARE,1688,0.013033175355450236,0.16461280059895547,8.032549268885905e-18,7.724121345256989e-16,0.0,0.0,0.0,False,1.0,14,0.83
53,BEAUTY,1688,3.3631516587677726,3.833361187313029,0.17566766518604598,0.013998912431789638,1.0,0.0,,True,0.3677726296830204,51,3.02
53,BEVERAGES,1688,1244.6845379146919,1147.785272157595,0.38217326870414037,0.01408043369548164,1.0,0.0,,True,0.6105273296198745,5,0.3
53,BOOKS,1688,0.0462085308056872,0.28434320433675464,0.0009097368666896021,0.001637161059609289,0.0,0.0,0.0,False,1.0,56,3.32
53,BREAD/BAKERY,1688,311.39940966824645,258.7178118057194,0.4102956783757346,0.20699871035120793,1.0,1.0,1.0,False,0.671511561856241,7,0.41
53,CELEBRATION,1688,5.2461492890995265,6.829057436533645,0.222978242866114,0.07373990441529499,1.0,1.0,1.0,False,0.29045734914217125,39,2.31
53,CLEANING,1688,636.088566350711,581.4191756897169,0.29213102835330873,0.049653239594677795,1.0,0.0,,True,0.3400181778297233,14,0.83
53,DAIRY,1688,341.3818127962085,299.5757770900686,0.3871442672161252,0.0640906230573638,1.0,1.0,1.0,False,0.5962923951984009,10,0.59
53,DELI,1688,146.41684566943127,125.66358330624861,0.36603449304178803,0.0878527440762803,1.0,1.0,1.0,False,0.6075196627539434,10,0.59
53,EGGS,1688,64.35989336492891,52.35288538985257,0.40679658280178177,0.21664447848569574,1.0,1.0,1.0,False,0.5647117524259835,5,0.3
53,FROZEN FOODS,1688,114.28785616883887,197.2579250726029,2.459040352140432e-06,9.120318704957868e-09,0.0,0.0,0.0,False,0.4985550560137201,55,3.26
53,GROCERY I,1688,1910.311018957346,1659.9428976214779,0.37018711639301777,0.02234184313582744,1.0,0.0,,True,0.5493006318686322,8,0.47
53,GROCERY II,1688,10.372630331753555,14.69766675814793,5.388140624300517e-06,2.7979130138763645e-10,0.0,0.0,0.0,False,0.12401505786336586,41,2.43
53,HARDWARE,1688,0.9143957345971564,1.4062019001638686,0.03808499366553138,1.1161819523408171e-05,0.0,0.0,0.0,False,0.22321179493296384,207,12.26
53,HOME AND KITCHEN I,1688,14.183056872037914,20.77358302948608,0.13347004508923027,5.8214434519272995e-05,1.0,0.0,,True,0.12104122135979956,66,3.91
53,HOME AND KITCHEN II,1688,13.643068720379146,18.771939527818034,0.18391347769335864,2.1315673482100948e-05,1.0,0.0,,True,0.24175188104527778,54,3.2
53,HOME APPLIANCES,1688,0.08975118483412323,0.3317363701247765,4.494835185772192e-07,3.1377782812866833e-07,0.0,0.0,0.0,False,0.7738682300601715,131,7.76
53,HOME CARE,1688,116.2446682464455,125.97496470361557,0.2990235136538063,0.03480415786135967,1.0,0.0,,True,0.6025021729812745,18,1.07
53,LADIESWEAR,1688,2.651362559241706,4.121529408215148,0.002983568916543465,1.0152323903377153e-07,0.0,0.0,0.0,False,0.3181860281876808,104,6.16
53,LAWN AND GARDEN,1688,3.6285545023696684,11.2281297310484,0.0011002929193770347,4.343272006405112e-06,0.0,0.0,0.0,False,0.05491894405862807,151,8.95
53,LINGERIE,1688,4.863151658767772,33.07978704027909,1.6518406098533912e-11,1.0430722027605644e-10,0.0,0.0,0.0,False,0.04534652301530795,36,2.13
53,"LIQUOR,WINE,BEER",1688,69.27902843601896,162.24134232074124,2.524846438970866e-07,7.738471477670639e-20,0.0,0.0,0.0,False,0.5024756976884023,103,6.1
53,MAGAZINES,1688,2.085308056872038,3.177211726771463,0.07840043732528157,2.5807188138532946e-05,1.0,0.0,,True,0.29203825541736905,111,6.58
53,MEATS,1688,167.44148176415877,140.10020150169038,0.5108104016972541,0.06050557588075458,1.0,1.0,1.0,False,0.7160444816817131,1,0.06
53,PERSONAL CARE,1688,174.76984597156397,284.41763088501625,0.04611950894808949,0.01439015573054068,0.0,0.0,0.0,False,0.790246543438374,20,1.18
53,PET SUPPLIES,1688,2.09478672985782,3.0125536713125425,0.62396774459056,0.017026843846282887,1.0,0.0,,True,0.378470095344025,82,4.86
53,PLAYERS AND ELECTRONICS,1688,3.483116113744076,4.803906285022906,0.2107240685112307,0.006092418702202372,1.0,0.0,,True,0.4324497618248092,47,2.78
53,POULTRY,1688,137.36129503436018,127.102458670464,0.0833400607088371,0.0017824536820448373,1.0,0.0,,True,0.2630553756634503,8,0.47
53,PREPARED FOODS,1688,50.071130353080555,43.17919055478954,0.37786964782260557,0.27034737585620705,1.0,1.0,1.0,False,0.46532428028598294,9,0.53
53,PRODUCE,1688,1111.6400649289099,1142.3036747644028,0.3445427202028882,0.005047243513584097,1.0,0.0,,True,0.6541626605629087,1,0.06
53,SCHOOL AND OFFICE SUPPLIES,1688,0.7520734597156398,4.451243656623273,1.1151222279112533e-08,1.1044423323526655e-08,0.0,0.0,0.0,False,0.9604497551900659,97,5.75
53,SEAFOOD,1688,3.8880267181279624,4.350875669081862,0.09655848445210213,0.024301225584776227,1.0,0.0,,True,0.2693131889554986,33,1.95
54,AUTOMOTIVE,1688,5.666765402843602,3.456247450187729,0.0005270807518371753,1.6515746291374906e-09,0.0,0.0,0.0,False,0.3580814112763313,20,1.18
54,BABY CARE,1688,0.17950236966824645,0.6793642125168788,0.0009914983803832158,0.005000744400527845,0.0,0.0,0.0,False,0.34062805413902386,157,9.3
54,BEAUTY,1688,0.6264810426540285,0.9481977718069219,0.000781998429377011,0.0037797606544545215,0.0,0.0,0.0,False,0.18028393673261844,78,4.62
54,BEVERAGES,1688,1287.0390995260664,1046.2933536124244,0.8613947955915622,0.10082334623787653,1.0,1.0,1.0,False,0.491382518761711,46,2.73
54,BOOKS,1688,0.0,0.0,,,,,,True,0.0,0,0.0
54,BREAD/BAKERY,1688,218.50770142180096,78.40561249720554,0.0007066337187285962,0.0018414852063295276,0.0,0.0,0.0,False,0.8046984662062073,106,6.28
54,CELEBRATION,1688,2.936315165876777,3.64210247261964,0.037346805343101676,0.004750400369433902,0.0,0.0,0.0,False,0.27895045928880735,36,2.13
54,CLEANING,1688,1040.9220971563982,437.0346206376648,0.000737420595575867,8.278994562118685e-08,0.0,0.0,0.0,False,0.6642613013645066,73,4.32
54,DAIRY,1688,180.21830568720378,100.57030118160876,0.4604478451296715,0.3103424767011793,1.0,1.0,1.0,False,0.7131403749744477,36,2.13
54,DELI,1688,184.0568181279621,71.01848797432646,0.17684659932269198,5.7258864848812045e-05,1.0,0.0,,True,0.6843756647560199,27,1.6
54,EGGS,1688,70.70764218009478,41.29795426323586,0.09720685540051349,0.22174898426710754,1.0,1.0,1.0,False,0.42299197558428614,39,2.31
54,FROZEN FOODS,1688,34.236262725829384,44.72568316617932,4.449111273181187e-08,3.4421528727514595e-09,0.0,0.0,0.0,False,0.1854327239426521,93,5.51
54,GROCERY I,1688,2646.178311315166,1017.4946192340594,0.005085103729742877,3.7172108752907504e-11,0.0,0.0,0.0,False,0.6858703238792412,39,2.31
54,GROCERY II,1688,8.0,6.3658236489165265,5.8033980482373756e-11,3.144858009004365e-10,0.0,0.0,0.0,False,0.23906972079902644,71,4.21
54,HARDWARE,1688,0.7085308056872038,1.0699032847720014,0.0,0.0,0.0,0.0,0.0,False,0.18584306950596663,96,5.69
54,HOME AND KITCHEN I,1688,14.991409952606634,15.370741909325712,0.048954081065025835,0.0001473225153003357,0.0,0.0,0.0,False,0.29390423251196574,28,1.66
54,HOME AND KITCHEN II,1688,8.696090047393366,9.61738676320754,0.00176848173851762,1.2941039133058717e-05,0.0,0.0,0.0,False,0.2578796421459044,33,1.95
54,HOME APPLIANCES,1688,0.18157582938388625,0.4345735656161439,5.7692335819786095e-12,4.346044627219165e-11,0.0,0.0,0.0,False,0.2606915170012081,275,16.29
54,HOME CARE,1688,133.4478672985782,122.56566876915909,0.02468712182089032,0.00010509238246142176,0.0,0.0,0.0,False,0.6931455728570721,0,0.0
54,LADIESWEAR,1688,0.0,0.0,,,,,,True,0.0,0,0.0
54,LAWN AND GARDEN,1688,0.0,0.0,,,,,,True,0.0,0,0.0
54,LINGERIE,1688,4.3045023696682465,4.0022952648539105,3.606346081209845e-05,3.545437585148606e-05,0.0,0.0,0.0,False,0.2550011994400616,61,3.61
54,"LIQUOR,WINE,BEER",1688,24.080864928909953,26.1185820283345,4.762072742638489e-10,9.055301126428461e-09,0.0,0.0,0.0,False,0.3425749156851786,81,4.8
54,MAGAZINES,1688,0.4549763033175355,0.8985525471201223,0.007406958184728282,2.086180392595885e-11,0.0,0.0,0.0,False,0.4799520518992534,72,4.27
54,MEATS,1688,52.06744630479858,16.54578685020176,0.0020957948466795834,3.749004505185419e-05,0.0,0.0,0.0,False,0.5381011016890254,32,1.9
54,PERSONAL CARE,1688,182.1916469194313,77.13861860490891,0.0006731342325469047,2.2829420357245757e-07,0.0,0.0,0.0,False,0.7160589168904871,30,1.78
54,PET SUPPLIES,1688,0.1018957345971564,0.3837804753499113,0.0015263254641779988,0.0009766564371629664,0.0,0.0,0.0,False,0.5266901885645808,133,7.88
54,PLAYERS AND ELECTRONICS,1688,1.9866706161137442,2.7022735261907243,0.013679485439398936,0.00016365631112560765,0.0,0.0,0.0,False,0.2330791034751375,87,5.15
54,POULTRY,1688,52.970001890817535,26.781601452166974,1.0528851858678503e-05,5.52503503433623e-07,0.0,0.0,0.0,False,0.3351038048933236,52,3.08
54,PREPARED FOODS,1688,61.18127962085308,28.495301960308122,0.0040339418025255045,2.808096512258041e-05,0.0,0.0,0.0,False,0.40213198288163265,13,0.77
54,PRODUCE,1688,354.90869749407585,318.88449443181236,0.08342434543479582,8.237532885290831e-05,1.0,0.0,,True,0.5772632442645746,1,0.06
54,SCHOOL AND OFFICE SUPPLIES,1688,0.606042654028436,2.9632223409534846,5.842463807597032e-06,1.5080938662076926e-05,0.0,0.0,0.0,False,0.9999999991915599,162,9.6
54,SEAFOOD,1688,1.7420023696682465,2.2583431604746584,3.130194061578592e-07,3.0549156125463134e-06,0.0,0.0,0.0,False,0.22110900021735092,53,3.14
